date,product,category,quantity,price,customer_age,customer_gender,region,discount,shipping_cost,revenue
2023-11-24,Laptop,Electronics,1,352.62,49.0,F,North,0.0,0.0,380.46
2023-03-13,Laptop,Electronics,1,678.49,36.0,M,West,0.0,0.0,660.67
2023-01-17,Laptop,Electronics,1,52.49,59.0,M,North,0.0,15.0,66.05
2023-11-05,Laptop,Electronics,1,376.52,66.0,M,West,0.0,0.0,372.27
2023-12-26,Dress,Clothing,2,40.39,46.0,M,South,0.0,10.0,88.06
2023-05-23,Laptop,Electronics,1,764.49,35.0,F,North,0.0,0.0,835.29
2023-03-21,Jeans,Clothing,3,74.56,26.0,M,South,0.06,0.0,218.02
2023-06-26,Smart Watch,Electronics,3,484.27,29.0,M,South,0.0,0.0,1337.8
2023-10-02,T-Shirt,Clothing,3,62.1,39.0,M,South,0.0,0.0,195.9
2023-11-18,Dress,Clothing,2,77.28,41.0,M,South,0.0,0.0,149.74
2023-01-24,Jeans,Clothing,5,49.56,38.0,M,South,0.0,0.0,259.86
2023-02-21,Sneakers,Clothing,2,73.89,44.0,F,South,0.0,0.0,159.34
2023-07-06,Smartphone,Electronics,1,467.41,40.0,F,South,0.0,0.0,462.28
2023-05-17,T-Shirt,Clothing,1,71.93,33.0,M,West,0.0,10.0,84.98
2023-05-06,Smartphone,Electronics,1,633.08,49.0,F,South,0.0,0.0,636.15
2023-11-24,Olive Oil,Food,6,38.44,40.0,F,North,0.0,0.0,238.4
2023-01-29,Jeans,Clothing,1,76.4,48.0,F,North,0.0,15.0,79.27
2023-02-03,Smartphone,Electronics,2,594.1,39.0,F,West,0.0,0.0,1140.54
2023-09-13,Rice,Food,19,28.83,43.0,F,West,0.0,0.0,495.22
2023-03-13,Smartphone,Electronics,1,519.7,46.0,F,West,0.0,0.0,508.46
2023-08-08,Dress,Clothing,3,49.19,49.0,F,South,0.0,0.0,156.0
2023-03-12,Smart Watch,Electronics,3,600.39,32.0,M,South,0.0,0.0,1925.81
2023-02-26,Chocolate,Food,92,16.34,36.0,M,West,0.0,0.0,1503.28
2023-08-05,Dress,Clothing,2,70.71,53.0,F,North,0.0,0.0,134.95
2023-08-28,Dress,Clothing,4,45.08,53.0,M,South,0.0,0.0,182.66
2023-02-28,Dress,Clothing,4,73.55,64.0,F,South,0.0,0.0,281.44
2023-08-11,Smartphone,Electronics,1,495.26,57.0,M,South,0.0,0.0,502.52
2023-05-15,Smart Watch,Electronics,2,432.13,47.0,M,North,0.0,0.0,811.68
2023-06-02,Dress,Clothing,5,44.22,28.0,M,West,0.0,0.0,205.96
2023-03-24,Smart Watch,Electronics,4,370.64,43.0,M,West,0.0,0.0,1507.85
2023-09-08,T-Shirt,Clothing,1,84.64,,F,North,0.0,15.0,94.3
2023-06-07,Chocolate,Food,14,33.57,43.0,M,North,0.0,0.0,487.38
2023-02-10,T-Shirt,Clothing,137,51.84,57.0,F,West,0.0,0.0,7102.080000000001
2023-09-30,Jeans,Clothing,4,72.84,60.0,F,North,0.0,0.0,292.11
2023-03-26,Pasta,Food,16,29.29,48.0,F,West,0.0,0.0,502.32
2023-10-04,Jeans,Clothing,3,63.18,59.0,F,West,0.0,0.0,195.71
2023-12-10,Jacket,Clothing,3,53.01,36.0,F,South,0.0,0.0,151.93
2023-04-26,T-Shirt,Clothing,2,45.63,34.0,M,South,0.0,10.0,104.7
2023-04-28,Dress,Clothing,5,122.6,54.0,M,North,0.14,0.0,506.29
2023-04-28,Laptop,Electronics,124,552.05,33.0,F,North,0.09,0.0,62293.322
2023-12-09,Headphones,Electronics,1,928.09,,M,North,0.0,0.0,1026.57
2023-10-20,Dress,Clothing,1,79.81,34.0,M,South,0.0,10.0,84.06
2023-07-28,Smartphone,Electronics,1,663.76,56.0,M,North,0.0,0.0,556.19
2023-07-01,Headphones,Electronics,2,245.12,18.0,F,South,0.0,0.0,458.37
2023-01-28,T-Shirt,Clothing,3,70.46,80.0,F,North,0.0,0.0,209.24
2023-02-25,Jeans,Clothing,3,70.52,46.0,M,North,0.0,0.0,218.56
2023-03-13,Rice,Food,15,33.14,43.0,F,North,0.0,0.0,485.01
2023-02-08,Headphones,Electronics,1,566.52,36.0,M,West,0.2,0.0,472.47
2023-01-08,Coffee,Food,8,37.75,49.0,M,North,0.0,0.0,313.28
2023-09-04,Chocolate,Food,11,28.6,18.0,M,South,0.0,0.0,295.4
2023-01-02,Rice,Food,17,25.74,43.0,F,South,0.0,0.0,419.68
2023-12-23,Smart Watch,Electronics,3,943.48,63.0,F,West,0.0,0.0,2661.09
2023-06-01,Jeans,Clothing,3,70.9,34.0,M,North,0.0,0.0,217.09
2023-01-30,T-Shirt,Clothing,3,48.91,38.0,F,West,0.0,0.0,148.23
2023-09-29,Chocolate,Food,10,14.27,23.0,M,North,0.0,0.0,140.54
2023-02-05,Dress,Clothing,4,68.89,49.0,M,North,0.0,0.0,264.16
2023-10-19,Chocolate,Food,5,28.49,45.0,M,West,0.0,0.0,142.62
2023-08-03,Dress,Clothing,3,75.45,38.0,F,West,0.0,0.0,247.4
2023-04-15,Tablet,Electronics,2,1012.96,32.0,F,North,0.0,0.0,2130.52
2023-12-10,Tablet,Electronics,2,87.97,50.0,F,South,0.0,0.0,192.44
2023-02-07,Laptop,Electronics,2,185.95,72.0,M,South,0.08,0.0,340.89
2023-05-16,Chocolate,Food,12,19.68,19.0,M,South,0.0,0.0,252.15
2023-07-09,Pasta,Food,10,24.25,54.0,F,North,0.0,0.0,243.96
2023-12-27,Tablet,Electronics,1,627.89,60.0,M,West,0.0,0.0,676.28
2023-10-11,Pasta,Food,11,41.76,46.0,M,West,0.0,0.0,506.69
2023-03-10,Pasta,Food,5,46.3,29.0,M,North,0.0,0.0,228.39
2023-03-21,Tablet,Electronics,4,661.68,18.0,M,South,0.0,0.0,2582.31
2023-04-15,Jacket,Clothing,5,96.36,19.0,F,West,0.0,0.0,480.46
2023-01-27,Laptop,Electronics,2,304.75,52.0,F,West,0.0,0.0,579.46
2023-01-23,Laptop,Electronics,1,550.81,32.0,M,South,0.0,0.0,535.41
2023-05-15,Jeans,Clothing,2,49.16,27.0,F,West,0.0,10.0,111.11
2023-08-07,Smart Watch,Electronics,2,815.93,43.0,M,North,0.18,0.0,1323.34
2023-03-18,Smart Watch,Electronics,4,519.99,18.0,F,North,0.0,0.0,2168.5
2023-03-17,Rice,Food,5,18.87,80.0,M,North,0.0,15.0,115.47
2023-01-21,Tablet,Electronics,1,362.75,35.0,M,North,0.0,0.0,366.71
2023-07-01,Dress,Clothing,1,76.76,44.0,M,South,0.0,10.0,93.18
2023-05-02,Jeans,Clothing,1,57.99,68.0,F,North,0.16,15.0,68.16
2023-06-20,Sneakers,Clothing,1,30.26,24.0,M,West,0.0,10.0,41.39
2023-12-26,Laptop,Electronics,1,373.62,38.0,M,South,0.0,0.0,326.87
2023-04-24,Chocolate,Food,14,29.35,41.0,F,South,0.0,0.0,392.25
2023-04-27,Smartphone,Electronics,2,680.66,48.0,M,North,0.0,0.0,1316.22
2023-05-23,Laptop,Electronics,1,564.12,49.0,F,South,0.0,0.0,486.81
2023-07-24,Dress,Clothing,3,69.96,20.0,M,South,0.0,0.0,200.85
2023-05-14,Smartphone,Electronics,3,448.09,35.0,F,West,0.14,0.0,1200.02
2023-06-26,Jacket,Clothing,5,68.43,41.0,M,South,0.0,0.0,343.63
2023-10-23,Jeans,Clothing,2,50.11,43.0,M,South,0.0,0.0,100.79
2023-01-01,Smart Watch,Electronics,1,633.7,60.0,M,West,0.0,0.0,625.14
2023-02-05,Pasta,Food,10,35.73,18.0,F,West,0.0,0.0,339.29
2023-03-05,Pasta,Food,8,11.46,62.0,F,West,0.0,10.0,109.36
2023-06-17,Rice,Food,5,30.27,60.0,F,West,0.0,0.0,147.49
2023-04-09,Headphones,Electronics,3,717.77,59.0,F,West,0.0,0.0,2039.36
2023-03-31,Olive Oil,Food,6,21.12,,F,West,0.0,0.0,136.2
2023-01-01,Pasta,Food,12,23.59,55.0,M,South,0.0,0.0,309.72
2023-10-24,Dress,Clothing,2,96.64,47.0,F,West,0.0,0.0,194.25
2023-08-15,Chocolate,Food,9,51.64,52.0,F,West,0.0,0.0,489.65
2023-03-28,Laptop,Electronics,4,333.44,29.0,F,South,0.19,0.0,990.95
2023-05-01,Jacket,Clothing,1,62.51,22.0,M,North,0.0,15.0,67.06
2023-01-24,Chocolate,Food,5,21.96,61.0,M,South,0.0,0.0,99.67
2023-11-19,Smart Watch,Electronics,1,1089.67,45.0,F,North,0.0,0.0,1047.03
2023-05-05,Chocolate,Food,11,32.99,,M,West,0.0,0.0,352.97
2023-02-24,Rice,Food,8,42.64,18.0,M,North,0.0,0.0,322.18
2023-12-23,Smart Watch,Electronics,1,800.45,52.0,M,South,0.0,0.0,769.53
2023-03-04,Headphones,Electronics,1,719.33,28.0,F,North,0.0,0.0,722.88
2023-10-14,Smart Watch,Electronics,1,423.93,26.0,F,South,0.0,0.0,439.04
2023-09-16,Rice,Food,9,28.6,48.0,F,West,0.0,0.0,248.94
2023-09-01,Rice,Food,10,13.13,49.0,M,South,0.0,0.0,123.09
2023-05-22,Olive Oil,Food,10,10.08,32.0,M,South,0.0,0.0,100.61
2023-02-09,Pasta,Food,11,39.78,39.0,F,North,0.0,0.0,467.03
2023-10-04,Laptop,Electronics,2,609.17,42.0,M,North,0.0,0.0,1119.07
2023-12-22,Jeans,Clothing,1,76.8,60.0,M,West,0.11,10.0,80.2
2023-10-05,Headphones,Electronics,1,774.11,68.0,M,South,0.0,0.0,767.99
2023-08-04,Sneakers,Clothing,2,83.16,35.0,M,West,0.0,0.0,166.54
2023-10-22,Sneakers,Clothing,3,38.71,23.0,M,South,0.0,0.0,110.62
2023-06-02,Sneakers,Clothing,1,119.81,46.0,M,South,0.0,0.0,120.88
2023-05-20,Headphones,Electronics,2,334.87,46.0,M,South,0.0,0.0,657.95
2023-12-09,Headphones,Electronics,2,573.5,44.0,M,West,0.0,0.0,1248.56
2023-03-07,Olive Oil,Food,5,32.57,59.0,M,West,0.0,0.0,162.24
2023-10-31,Smart Watch,Electronics,5,649.13,60.0,M,West,0.11,0.0,2905.9
2023-08-25,Jeans,Clothing,3,79.74,48.0,F,North,0.0,0.0,226.29
2023-04-19,Rice,Food,6,33.03,61.0,F,South,0.0,0.0,197.38
2023-07-14,Tablet,Electronics,1,241.5,64.0,F,South,0.0,0.0,246.48
2023-08-29,T-Shirt,Clothing,3,14.76,60.0,M,West,0.0,10.0,50.25
2023-06-29,Chocolate,Food,9,33.38,45.0,M,West,,0.0,292.76
2023-11-30,T-Shirt,Clothing,3,10.0,38.0,M,North,0.0,15.0,48.27
2023-01-11,Dress,Clothing,1,43.85,29.0,M,North,0.0,15.0,53.16
2023-12-09,T-Shirt,Clothing,3,32.82,59.0,M,West,0.0,10.0,107.3
2023-05-12,Pasta,Food,5,40.42,69.0,M,North,0.0,0.0,197.09
2023-03-25,Pasta,Food,8,27.07,66.0,M,North,0.0,0.0,210.38
2023-10-22,Rice,Food,125,16.37,39.0,M,South,0.15,0.0,1739.3125000000002
2023-11-18,Smartphone,Electronics,3,977.04,18.0,F,North,0.0,0.0,2746.85
2023-11-04,Laptop,Electronics,3,421.48,48.0,M,West,0.0,0.0,1233.5
2023-08-08,Jacket,Clothing,11,95.1,20.0,F,North,0.11,0.0,952.56
2023-09-08,Coffee,Food,9,20.83,47.0,F,South,0.0,0.0,190.93
2023-08-24,Chocolate,Food,8,18.57,41.0,M,South,0.0,0.0,148.59
2023-11-30,Pasta,Food,10,12.65,56.0,F,West,0.0,0.0,127.61
2023-10-31,Tablet,Electronics,1,531.7,61.0,M,South,0.0,0.0,504.41
2023-02-14,Jacket,Clothing,5,83.88,22.0,M,South,0.0,0.0,452.23
2023-10-19,Olive Oil,Food,7,25.59,19.0,F,West,0.0,0.0,175.49
2023-09-11,Pasta,Food,9,15.95,58.0,F,North,0.0,0.0,141.82
2023-05-13,Tablet,Electronics,2,520.41,46.0,F,South,0.0,0.0,1028.88
2023-09-22,Chocolate,Food,12,31.45,41.0,M,North,0.0,0.0,400.97
2023-09-08,Dress,Clothing,2,81.29,,F,North,0.0,0.0,177.22
2023-09-09,Sneakers,Clothing,2,90.02,35.0,M,North,0.0,0.0,178.48
2023-07-27,Jeans,Clothing,3,36.8,21.0,F,South,0.0,0.0,114.6
2023-09-29,Jacket,Clothing,5,47.42,38.0,F,South,0.0,0.0,226.71
2023-08-21,Jacket,Clothing,4,54.94,29.0,F,South,0.0,0.0,216.67
2023-04-09,Tablet,Electronics,1,854.87,58.0,M,North,0.0,0.0,932.32
2023-09-05,Pasta,Food,10,29.83,58.0,F,West,0.0,0.0,307.77
2023-04-10,Tablet,Electronics,1,444.72,37.0,F,North,0.0,0.0,456.35
2023-01-08,Dress,Clothing,5,54.66,80.0,F,North,0.06,0.0,255.66
2023-05-30,Chocolate,Food,9,23.68,19.0,F,West,0.0,0.0,231.06
2023-01-07,Dress,Clothing,6,42.53,20.0,F,South,0.0,0.0,247.87
2023-06-24,Jeans,Clothing,3,77.1,40.0,F,North,,0.0,205.46
2023-09-02,T-Shirt,Clothing,5,74.88,39.0,F,North,0.0,0.0,353.44
2023-10-23,Coffee,Food,5,13.19,40.0,M,North,0.0,15.0,72.47
2023-06-05,Coffee,Food,4,31.29,21.0,M,North,0.0,0.0,122.48
2023-08-02,Dress,Clothing,5,54.96,76.0,M,West,0.0,0.0,273.82
2023-07-14,Sneakers,Clothing,3,53.07,43.0,F,South,0.0,0.0,150.97
2023-08-08,Tablet,Electronics,2,708.27,50.0,M,West,0.0,0.0,1354.84
2023-02-20,Smartphone,Electronics,1,605.68,61.0,M,West,0.0,0.0,574.19
2023-02-11,Chocolate,Food,10,22.51,73.0,M,North,0.0,0.0,227.32
2023-03-22,Coffee,Food,9,26.99,54.0,F,South,0.0,0.0,229.03
2023-08-29,Tablet,Electronics,4,776.03,41.0,M,North,0.0,0.0,3288.73
2023-05-25,Rice,Food,10,16.47,55.0,M,North,0.0,0.0,169.93
2023-11-17,Smart Watch,Electronics,1,490.39,45.0,M,West,0.0,0.0,529.49
2023-10-06,Jeans,Clothing,2,41.83,21.0,M,West,0.0,10.0,92.24
2023-03-14,T-Shirt,Clothing,4,96.24,68.0,M,North,0.0,0.0,358.21
2023-11-01,Dress,Clothing,4,12.87,79.0,F,South,0.0,10.0,63.71
2023-12-19,Tablet,Electronics,1,474.46,50.0,F,West,0.0,0.0,469.98
2023-09-14,Smart Watch,Electronics,3,560.61,19.0,F,South,0.06,0.0,1573.15
2023-08-10,Jacket,Clothing,2,100.86,56.0,F,West,0.08,0.0,190.69
2023-12-12,Smart Watch,Electronics,1,331.33,72.0,M,West,0.0,0.0,335.01
2023-12-11,Jacket,Clothing,1,97.94,43.0,M,West,0.0,10.0,110.49
2023-03-31,Sneakers,Clothing,1,66.48,45.0,F,West,0.0,10.0,76.64
2023-04-03,Dress,Clothing,3,82.74,40.0,F,South,0.0,0.0,258.18
2023-08-29,Jacket,Clothing,4,39.99,34.0,F,South,0.0,0.0,162.19
2023-02-23,Chocolate,Food,11,20.65,,F,South,0.0,0.0,220.82
2023-05-28,Sneakers,Clothing,2,28.75,49.0,M,West,0.0,10.0,67.49
2023-06-11,Jacket,Clothing,2,78.41,61.0,M,South,0.0,0.0,161.28
2023-07-26,Dress,Clothing,1,109.71,28.0,F,North,0.0,0.0,105.81
2023-04-07,Dress,Clothing,5,59.84,,F,South,0.0,0.0,324.22
2023-01-27,Jeans,Clothing,3,64.48,46.0,M,South,0.0,0.0,186.85
2023-08-13,Sneakers,Clothing,6,66.22,31.0,M,North,0.0,0.0,398.77
2023-11-08,Chocolate,Food,6,34.05,79.0,M,West,0.0,0.0,208.32
2023-01-08,Smart Watch,Electronics,2,292.8,25.0,M,South,,0.0,560.77
2023-02-28,Sneakers,Clothing,6,28.97,50.0,M,North,0.0,0.0,195.49
2023-05-30,Olive Oil,Food,13,35.44,40.0,F,West,0.0,0.0,456.69
2023-09-05,Headphones,Electronics,6,423.85,29.0,F,North,0.0,0.0,2710.06
2023-07-16,Jeans,Clothing,2,46.74,52.0,M,West,0.0,10.0,100.33
2023-05-22,Headphones,Electronics,112,412.61,52.0,F,South,0.0,0.0,46212.32
2023-05-25,Jacket,Clothing,3,39.52,42.0,F,West,0.0,0.0,117.29
2023-08-17,Smart Watch,Electronics,1,748.15,36.0,F,South,0.0,0.0,732.78
2023-10-06,Headphones,Electronics,1,510.49,35.0,F,South,0.0,0.0,514.59
2023-12-24,Chocolate,Food,7,26.28,21.0,F,West,0.0,0.0,192.35
2023-07-30,T-Shirt,Clothing,1,67.54,56.0,F,South,0.0,10.0,75.3
2023-07-15,Headphones,Electronics,1,10.0,57.0,M,West,0.0,10.0,19.2
2023-01-19,Jeans,Clothing,3,38.15,44.0,F,West,0.0,0.0,107.62
2023-08-14,T-Shirt,Clothing,124,62.0,42.0,F,West,0.07,0.0,7149.839999999999
2023-12-02,Chocolate,Food,7,40.17,28.0,F,North,0.0,0.0,285.08
2023-05-16,Jacket,Clothing,2,82.99,45.0,F,West,0.0,0.0,159.73
2023-06-18,Dress,Clothing,1,44.87,47.0,F,South,0.0,10.0,51.17
2023-09-07,Dress,Clothing,1,44.71,55.0,M,North,0.0,15.0,63.17
2023-12-17,Tablet,Electronics,1,812.14,55.0,M,North,0.0,0.0,852.59
2023-02-20,T-Shirt,Clothing,4,35.08,26.0,M,South,0.0,0.0,136.79
2023-01-15,Laptop,Electronics,3,741.12,71.0,M,South,0.0,0.0,2285.26
2023-07-11,Sneakers,Clothing,4,63.74,29.0,M,North,0.0,0.0,229.89
2023-10-17,Smartphone,Electronics,2,636.48,57.0,M,North,0.18,0.0,1087.54
2023-11-14,Smartphone,Electronics,2,287.27,52.0,M,South,0.0,0.0,595.65
2023-11-23,Jacket,Clothing,6,63.99,35.0,F,South,0.0,0.0,347.48
2023-08-27,Jacket,Clothing,3,64.96,56.0,M,West,0.19,0.0,160.86
2023-10-28,Tablet,Electronics,2,690.69,31.0,F,West,0.0,0.0,1341.28
2023-08-22,Jacket,Clothing,1,83.71,55.0,F,North,,15.0,105.85
2023-02-24,Chocolate,Food,13,21.16,45.0,F,South,0.0,0.0,264.28
2023-12-25,Pasta,Food,10,35.23,23.0,F,North,0.0,0.0,332.81
2023-10-17,Coffee,Food,5,37.92,36.0,F,West,0.0,0.0,210.59
2023-05-27,Smartphone,Electronics,3,465.8,68.0,F,West,0.0,0.0,1537.57
2023-04-08,Smart Watch,Electronics,1,448.59,64.0,M,South,0.0,0.0,444.77
2023-11-18,T-Shirt,Clothing,2,42.67,59.0,F,South,0.1,10.0,89.77
2023-03-09,Laptop,Electronics,1,281.35,42.0,F,South,0.0,0.0,284.02
2023-03-31,Jeans,Clothing,1,83.42,63.0,F,North,0.0,15.0,101.28
2023-05-20,Chocolate,Food,4,34.49,18.0,F,South,0.0,0.0,138.93
2023-06-01,Jacket,Clothing,3,24.79,60.0,F,North,0.0,15.0,88.5
2023-03-14,Jeans,Clothing,3,62.31,71.0,F,West,0.0,0.0,177.6
2023-10-13,Pasta,Food,4,31.77,50.0,F,North,0.13,0.0,111.23
2023-08-21,Jacket,Clothing,122,41.05,32.0,F,West,0.0,0.0,5008.099999999999
2023-11-23,Tablet,Electronics,105,572.2,18.0,M,North,0.0,0.0,60081.00000000001
2023-11-14,Dress,Clothing,1,55.67,52.0,M,South,0.0,10.0,60.54
2023-11-22,Sneakers,Clothing,5,49.77,28.0,F,West,0.0,0.0,255.91
2023-03-01,Smartphone,Electronics,3,428.08,32.0,M,North,0.0,0.0,1311.78
2023-09-10,Laptop,Electronics,1,713.62,50.0,M,North,0.0,0.0,778.26
2023-03-11,Sneakers,Clothing,5,22.34,44.0,F,South,0.0,0.0,107.73
2023-12-23,Dress,Clothing,1,55.84,42.0,M,South,0.0,10.0,70.37
2023-12-02,T-Shirt,Clothing,3,37.85,33.0,F,South,0.0,0.0,115.38
2023-05-24,Coffee,Food,13,23.73,39.0,F,West,0.0,0.0,316.38
2023-08-16,Smartphone,Electronics,2,626.62,43.0,M,South,0.0,0.0,1318.31
2023-07-08,Dress,Clothing,4,75.64,46.0,F,West,0.09,0.0,255.53
2023-03-04,Sneakers,Clothing,3,70.7,57.0,M,North,0.0,0.0,208.55
2023-11-02,Laptop,Electronics,1,494.27,49.0,F,North,,0.0,513.07
2023-03-06,Dress,Clothing,7,50.6,48.0,M,North,0.0,0.0,333.14
2023-10-11,Smartphone,Electronics,2,473.95,62.0,M,West,0.0,0.0,1070.63
2023-04-30,Pasta,Food,14,32.13,40.0,M,North,0.0,0.0,427.18
2023-03-16,Jeans,Clothing,3,91.5,42.0,F,West,0.0,0.0,292.42
2023-02-26,Laptop,Electronics,1,743.12,53.0,M,North,0.0,0.0,722.12
2023-05-02,Dress,Clothing,4,43.73,69.0,M,South,0.0,0.0,172.1
2023-01-27,Chocolate,Food,12,17.21,49.0,F,West,0.0,0.0,201.72
2023-02-02,Headphones,Electronics,2,490.23,38.0,F,South,0.0,0.0,1006.16
2023-02-25,Rice,Food,7,10.0,46.0,M,West,0.0,10.0,84.11
2023-01-23,Olive Oil,Food,13,10.0,50.0,F,South,0.0,0.0,133.18
2023-01-16,Laptop,Electronics,1,504.54,,F,South,0.0,0.0,461.53
2023-02-25,Rice,Food,6,10.0,18.0,F,West,0.06,10.0,69.21
2023-11-08,Chocolate,Food,13,33.88,41.0,M,North,0.0,0.0,428.64
2023-11-21,Olive Oil,Food,11,34.33,50.0,F,West,0.0,0.0,365.44
2023-11-02,Smart Watch,Electronics,1,446.12,40.0,F,South,0.0,0.0,422.62
2023-08-09,T-Shirt,Clothing,3,36.3,51.0,M,West,0.0,0.0,113.8
2023-11-30,Smart Watch,Electronics,1,539.01,62.0,M,West,0.0,0.0,548.38
2023-04-27,Headphones,Electronics,3,682.7,59.0,F,South,0.0,0.0,2099.41
2023-02-18,Tablet,Electronics,3,744.81,39.0,F,South,0.0,0.0,2370.93
2023-07-11,Jeans,Clothing,126,106.74,46.0,F,West,0.17,0.0,11162.8692
2023-02-17,Sneakers,Clothing,4,79.61,,F,North,0.0,0.0,306.62
2023-10-12,T-Shirt,Clothing,2,30.0,41.0,F,West,0.0,10.0,62.76
2023-07-30,Jacket,Clothing,1,57.88,45.0,F,West,0.0,10.0,66.83
2023-01-27,Pasta,Food,9,18.73,52.0,F,West,0.0,0.0,191.59
2023-10-23,Dress,Clothing,5,61.02,33.0,M,North,0.0,0.0,294.29
2023-04-25,T-Shirt,Clothing,6,16.16,57.0,F,South,0.0,10.0,105.99
2023-05-23,Dress,Clothing,3,72.62,35.0,F,North,0.0,0.0,208.19
2023-11-15,Smart Watch,Electronics,1,463.62,43.0,M,West,0.0,0.0,465.4
2023-12-03,Tablet,Electronics,2,608.73,51.0,M,North,0.0,0.0,1230.04
2023-06-08,Pasta,Food,15,30.09,35.0,M,South,0.0,0.0,459.51
2023-03-15,Dress,Clothing,2,20.57,35.0,F,West,0.16,10.0,44.91
2023-01-16,T-Shirt,Clothing,126,37.31,57.0,M,West,0.0,0.0,4701.06
2023-08-21,Jacket,Clothing,6,62.36,66.0,F,North,0.0,0.0,398.56
2023-06-16,Dress,Clothing,2,21.44,30.0,M,West,0.0,10.0,56.8
2023-03-21,Chocolate,Food,12,16.61,38.0,M,West,0.0,0.0,197.82
2023-05-20,Headphones,Electronics,1,382.25,59.0,F,West,0.0,0.0,413.13
2023-08-15,Rice,Food,6,41.41,38.0,M,South,0.0,0.0,248.53
2023-02-28,Pasta,Food,7,17.74,38.0,M,South,0.0,0.0,123.5
2023-12-14,Dress,Clothing,5,10.0,39.0,F,South,0.11,10.0,50.3
2023-11-03,Laptop,Electronics,5,277.74,27.0,M,North,0.0,0.0,1398.63
2023-04-19,Smartphone,Electronics,4,197.71,32.0,F,South,,0.0,872.85
2023-01-04,Sneakers,Clothing,3,40.02,49.0,F,West,0.0,0.0,125.46
2023-07-14,Smart Watch,Electronics,6,1053.87,22.0,M,West,0.0,0.0,6208.84
2023-12-09,Jacket,Clothing,2,76.0,54.0,F,North,0.0,0.0,149.19
2023-01-22,Rice,Food,11,40.01,44.0,F,North,0.0,0.0,420.18
2023-06-10,Dress,Clothing,6,37.66,48.0,F,South,0.0,0.0,198.62
2023-08-02,Jacket,Clothing,1,98.15,41.0,F,North,0.1,15.0,102.64
2023-11-13,Sneakers,Clothing,1,88.09,54.0,F,West,0.18,10.0,83.03
2023-05-05,Sneakers,Clothing,2,91.1,59.0,F,West,0.0,0.0,192.63
2023-07-22,Jacket,Clothing,1,49.71,59.0,F,West,0.0,10.0,61.24
2023-03-28,Coffee,Food,13,31.4,55.0,M,West,0.0,0.0,420.13
2023-04-10,Jacket,Clothing,1,65.24,44.0,M,South,0.0,10.0,71.92
2023-03-16,Jacket,Clothing,3,64.22,36.0,M,North,0.0,0.0,192.95
2023-12-02,Laptop,Electronics,2,696.72,45.0,F,North,0.0,0.0,1336.51
2023-10-16,Smart Watch,Electronics,3,128.49,33.0,F,South,0.0,0.0,401.46
2023-11-18,Tablet,Electronics,5,536.23,21.0,F,North,0.12,0.0,2343.78
2023-06-05,Pasta,Food,11,10.0,47.0,M,West,0.0,0.0,111.15
2023-02-07,Tablet,Electronics,3,351.67,57.0,F,South,0.11,0.0,965.22
2023-05-27,Coffee,Food,5,25.99,18.0,M,West,,0.0,129.95
2023-09-17,Headphones,Electronics,1,448.14,59.0,M,South,0.0,0.0,425.0
2023-10-20,Chocolate,Food,8,13.92,61.0,F,South,0.0,0.0,113.53
2023-02-01,Headphones,Electronics,2,554.36,44.0,F,North,0.0,0.0,1218.58
2023-02-13,Smart Watch,Electronics,6,629.45,32.0,M,West,0.16,0.0,3270.1
2023-08-13,Smart Watch,Electronics,2,765.78,51.0,M,West,0.0,0.0,1521.99
2023-05-25,Headphones,Electronics,1,169.09,23.0,F,South,0.0,0.0,179.53
2023-01-27,Pasta,Food,10,25.55,54.0,F,North,0.15,0.0,204.81
2023-05-26,Tablet,Electronics,1,719.19,69.0,M,West,0.0,0.0,765.02
2023-10-26,Smartphone,Electronics,3,612.01,27.0,F,South,0.0,0.0,1986.83
2023-12-24,Headphones,Electronics,1,226.23,46.0,M,North,0.0,0.0,208.98
2023-07-12,Tablet,Electronics,1,348.24,41.0,M,North,0.0,0.0,330.93
2023-08-05,Dress,Clothing,4,52.07,45.0,M,South,0.0,0.0,215.73
2023-04-03,Jeans,Clothing,1,71.95,41.0,F,South,0.0,10.0,82.74
2023-03-12,Smartphone,Electronics,1,595.37,68.0,F,North,0.0,0.0,600.27
2023-02-21,Olive Oil,Food,10,26.76,55.0,M,West,0.0,0.0,276.66
2023-11-13,Smartphone,Electronics,2,504.35,20.0,F,West,0.0,0.0,1035.79
2023-04-03,Smart Watch,Electronics,1,585.33,26.0,F,North,0.1,0.0,510.56
2023-05-02,Sneakers,Clothing,3,72.83,66.0,F,West,0.0,0.0,205.71
2023-08-18,Jeans,Clothing,3,84.21,41.0,M,West,0.0,0.0,258.52
2023-08-29,Smartphone,Electronics,2,232.18,42.0,F,South,0.0,0.0,511.34
2023-05-25,Headphones,Electronics,2,526.36,57.0,F,West,0.0,0.0,1020.21
2023-04-13,Smart Watch,Electronics,82,534.85,26.0,F,North,0.12,0.0,38594.776000000005
2023-07-10,Dress,Clothing,2,78.28,21.0,M,North,0.0,0.0,160.18
2023-03-24,Jacket,Clothing,2,64.65,45.0,M,South,0.0,0.0,123.08
2023-02-16,Jeans,Clothing,3,74.77,30.0,F,South,0.0,0.0,229.61
2023-08-01,Laptop,Electronics,1,573.7,41.0,F,South,0.0,0.0,553.74
2023-02-11,Pasta,Food,10,17.91,37.0,M,North,0.0,0.0,181.48
2023-02-20,Jacket,Clothing,4,49.1,50.0,M,North,0.19,0.0,153.92
2023-08-30,Jeans,Clothing,4,96.03,48.0,F,West,0.0,0.0,387.01
2023-01-03,T-Shirt,Clothing,3,103.47,26.0,F,North,0.0,0.0,286.72
2023-03-18,Smart Watch,Electronics,3,531.52,38.0,F,West,,0.0,1649.28
2023-05-28,Jeans,Clothing,6,33.87,59.0,M,South,0.11,0.0,167.74
2023-11-15,Sneakers,Clothing,2,68.7,36.0,M,North,0.0,0.0,130.35
2023-09-13,Smart Watch,Electronics,3,527.23,55.0,M,West,0.0,0.0,1663.7
2023-10-22,Jeans,Clothing,1,81.51,18.0,M,West,0.0,10.0,92.97
2023-01-01,Smart Watch,Electronics,2,588.05,18.0,M,South,0.0,0.0,1112.16
2023-04-06,Laptop,Electronics,2,307.83,63.0,F,West,0.13,0.0,557.6
2023-09-17,Smart Watch,Electronics,1,697.72,53.0,M,West,0.0,0.0,725.05
2023-08-29,Coffee,Food,8,23.73,66.0,F,West,0.0,0.0,173.51
2023-05-10,Laptop,Electronics,2,132.31,56.0,M,South,0.0,0.0,291.02
2023-12-03,Laptop,Electronics,4,1146.98,61.0,F,West,0.0,0.0,4816.29
2023-06-30,Dress,Clothing,5,40.6,53.0,M,South,0.0,0.0,209.43
2023-12-17,Headphones,Electronics,3,542.59,28.0,F,West,0.0,0.0,1596.26
2023-03-11,Coffee,Food,8,25.65,51.0,F,West,0.08,0.0,190.61
2023-04-13,Coffee,Food,7,35.7,45.0,F,South,0.0,0.0,241.65
2023-10-06,Sneakers,Clothing,2,29.09,40.0,M,South,0.0,10.0,70.54
2023-04-08,Pasta,Food,12,18.58,35.0,M,South,0.0,0.0,231.57
2023-06-19,Pasta,Food,11,25.06,47.0,F,North,0.0,0.0,261.47
2023-07-24,Sneakers,Clothing,1,20.18,63.0,F,South,0.0,10.0,28.87
2023-09-12,Rice,Food,8,17.14,19.0,F,South,0.0,0.0,147.54
2023-08-06,Laptop,Electronics,2,351.04,30.0,M,South,0.0,0.0,668.48
2023-06-14,T-Shirt,Clothing,5,63.24,31.0,F,North,0.0,0.0,314.88
2023-06-06,Sneakers,Clothing,2,26.76,59.0,F,West,0.0,10.0,59.44
2023-08-16,Tablet,Electronics,1,433.32,47.0,M,South,0.0,0.0,469.58
2023-06-30,Dress,Clothing,2,87.51,62.0,F,South,0.0,0.0,183.89
2023-01-30,T-Shirt,Clothing,4,57.63,49.0,F,West,0.0,0.0,212.87
2023-12-14,Smartphone,Electronics,1,677.85,43.0,M,North,0.0,0.0,694.71
2023-12-14,Sneakers,Clothing,2,68.41,42.0,M,North,0.17,0.0,104.44
2023-07-07,Jacket,Clothing,3,43.02,71.0,M,South,0.0,0.0,137.97
2023-12-14,Headphones,Electronics,1,521.84,53.0,F,South,0.0,0.0,501.39
2023-02-09,Smart Watch,Electronics,2,436.89,70.0,F,North,0.0,0.0,860.64
2023-11-29,Pasta,Food,11,32.83,51.0,M,North,0.08,0.0,355.78
2023-09-23,Rice,Food,11,33.06,33.0,M,West,0.0,0.0,364.35
2023-05-14,Rice,Food,6,12.6,18.0,F,North,0.0,15.0,90.72
2023-09-09,Smartphone,Electronics,1,191.07,56.0,M,North,0.0,0.0,190.91
2023-08-20,Jeans,Clothing,2,106.73,29.0,F,West,0.0,0.0,221.9
2023-12-16,Pasta,Food,7,29.65,34.0,F,West,0.0,0.0,210.97
2023-10-09,Olive Oil,Food,18,27.99,41.0,F,South,0.0,0.0,505.98
2023-12-31,Chocolate,Food,11,10.0,60.0,M,South,0.0,0.0,98.23
2023-04-13,Chocolate,Food,7,24.58,40.0,F,North,0.13,0.0,157.0
2023-07-08,Sneakers,Clothing,1,85.96,40.0,M,West,0.0,10.0,98.0
2023-02-14,Laptop,Electronics,1,935.34,51.0,F,South,0.0,0.0,870.91
2023-09-03,Smart Watch,Electronics,2,337.05,46.0,F,South,0.0,0.0,689.1
2023-02-07,Jeans,Clothing,2,81.15,60.0,M,South,0.0,0.0,164.96
2023-12-15,Dress,Clothing,1,77.11,48.0,M,South,0.0,10.0,83.12
2023-10-10,Smart Watch,Electronics,2,375.84,54.0,M,North,0.0,0.0,650.77
2023-01-29,Laptop,Electronics,2,576.91,80.0,M,West,0.0,0.0,1089.67
2023-03-24,Tablet,Electronics,4,581.13,71.0,M,West,0.0,0.0,2296.75
2023-09-23,Tablet,Electronics,4,861.03,32.0,F,North,0.0,0.0,3433.18
2023-10-10,Pasta,Food,6,37.23,18.0,F,North,0.0,0.0,211.34
2023-02-17,Dress,Clothing,5,45.78,35.0,M,West,0.0,0.0,226.79
2023-10-25,Smartphone,Electronics,1,533.21,76.0,F,North,0.0,0.0,549.17
2023-10-16,T-Shirt,Clothing,3,85.71,65.0,M,North,0.15,0.0,223.09
2023-10-23,Pasta,Food,7,40.28,55.0,M,West,0.0,0.0,286.14
2023-08-02,Olive Oil,Food,11,30.88,53.0,M,West,0.0,0.0,364.17
2023-11-18,Smart Watch,Electronics,1,811.86,41.0,F,South,0.0,0.0,767.63
2023-12-17,Headphones,Electronics,1,293.05,57.0,F,South,0.06,0.0,273.31
2023-08-14,Headphones,Electronics,3,268.45,67.0,F,South,0.0,0.0,761.38
2023-11-07,Chocolate,Food,7,31.4,23.0,F,South,,0.0,231.94
2023-06-26,Sneakers,Clothing,1,51.58,53.0,F,North,0.0,15.0,63.22
2023-02-24,Tablet,Electronics,1,182.47,40.0,F,North,,0.0,186.95
2023-08-19,Jeans,Clothing,6,85.98,40.0,M,North,0.19,0.0,403.09
2023-11-12,Headphones,Electronics,3,600.07,56.0,M,North,0.0,0.0,1855.34
2023-10-23,Jacket,Clothing,3,99.37,36.0,M,North,0.0,0.0,318.01
2023-09-21,Headphones,Electronics,3,575.95,50.0,F,South,0.0,0.0,1822.1
2023-02-16,Sneakers,Clothing,5,107.22,37.0,F,West,0.0,0.0,496.68
2023-04-21,Olive Oil,Food,116,23.91,54.0,M,South,0.12,0.0,2440.7327999999998
2023-12-01,Headphones,Electronics,2,687.9,62.0,M,South,0.0,0.0,1510.81
2023-08-09,Jeans,Clothing,3,54.09,25.0,F,South,0.0,0.0,169.31
2023-07-07,T-Shirt,Clothing,2,103.68,37.0,M,South,0.0,0.0,212.78
2023-04-10,Pasta,Food,18,39.56,51.0,F,West,0.13,0.0,633.86
2023-10-09,Jacket,Clothing,4,35.42,40.0,M,West,0.0,0.0,138.38
2023-02-19,Headphones,Electronics,7,419.83,32.0,F,South,0.0,0.0,2916.92
2023-07-07,Jeans,Clothing,2,91.38,35.0,F,North,0.0,0.0,185.4
2023-01-24,T-Shirt,Clothing,5,70.87,37.0,F,North,0.0,0.0,350.87
2023-09-23,Headphones,Electronics,2,443.08,34.0,M,North,0.0,0.0,874.81
2023-11-10,Pasta,Food,5,26.34,19.0,F,North,0.0,0.0,128.65
2023-06-03,Dress,Clothing,2,42.6,47.0,F,South,0.0,10.0,99.39
2023-06-03,Headphones,Electronics,1,498.95,44.0,F,North,0.0,0.0,477.78
2023-02-26,Rice,Food,5,28.61,29.0,F,West,0.0,0.0,129.56
2023-12-19,Coffee,Food,10,22.31,43.0,F,West,0.0,0.0,216.01
2023-12-02,Dress,Clothing,6,91.24,55.0,M,West,0.0,0.0,546.1
2023-10-26,Rice,Food,8,14.7,18.0,F,North,0.0,0.0,108.96
2023-12-15,Chocolate,Food,8,31.37,26.0,M,North,0.0,0.0,243.57
2023-08-14,Jacket,Clothing,4,33.07,51.0,M,South,0.0,0.0,129.43
2023-04-15,Sneakers,Clothing,1,49.69,62.0,F,West,0.0,10.0,60.89
2023-02-01,Smartphone,Electronics,2,618.66,28.0,M,West,0.0,0.0,1279.47
2023-12-06,Headphones,Electronics,1,631.96,63.0,F,West,0.0,0.0,566.01
2023-03-30,Headphones,Electronics,1,408.08,57.0,F,West,0.0,0.0,407.52
2023-12-13,Tablet,Electronics,4,393.76,34.0,F,West,0.0,0.0,1358.67
2023-05-07,Jacket,Clothing,1,50.51,62.0,F,West,0.0,10.0,59.4
2023-06-02,Jacket,Clothing,4,66.53,18.0,M,West,0.0,0.0,266.87
2023-09-08,Jacket,Clothing,1,41.2,40.0,F,South,0.0,10.0,51.94
2023-05-21,Jacket,Clothing,2,54.75,49.0,F,North,0.0,0.0,116.19
2023-07-22,Jacket,Clothing,5,56.82,36.0,F,North,0.19,0.0,234.25
2023-02-10,Tablet,Electronics,1,756.77,47.0,F,South,0.0,0.0,775.89
2023-04-20,Smartphone,Electronics,4,564.17,68.0,F,West,0.0,0.0,2367.87
2023-12-23,Tablet,Electronics,2,750.21,67.0,M,North,0.0,0.0,1492.27
2023-10-28,Smartphone,Electronics,1,415.13,59.0,M,North,0.0,0.0,405.45
2023-09-29,Jeans,Clothing,3,35.61,49.0,M,West,0.11,0.0,104.95
2023-08-30,T-Shirt,Clothing,3,53.69,52.0,M,West,0.13,0.0,150.79
2023-03-22,Headphones,Electronics,5,652.09,28.0,F,West,0.0,0.0,3080.41
2023-04-13,Tablet,Electronics,2,634.79,37.0,F,South,0.0,0.0,1202.51
2023-02-15,Olive Oil,Food,10,10.54,49.0,M,North,0.0,0.0,98.19
2023-03-31,Headphones,Electronics,3,972.46,46.0,M,North,0.0,0.0,2770.25
2023-07-23,Rice,Food,5,31.39,64.0,F,North,0.0,0.0,155.99
2023-01-05,Jacket,Clothing,2,65.33,29.0,M,West,0.0,0.0,130.03
2023-06-21,Jacket,Clothing,1,64.58,76.0,F,South,0.0,10.0,68.08
2023-03-10,Olive Oil,Food,4,28.32,18.0,F,South,0.0,0.0,108.41
2023-02-27,Jacket,Clothing,5,81.15,21.0,F,North,0.0,0.0,393.91
2023-04-06,Laptop,Electronics,2,732.68,43.0,F,West,0.0,0.0,1402.98
2023-10-18,Jeans,Clothing,102,81.11,51.0,F,North,0.0,0.0,8273.22
2023-09-21,Jacket,Clothing,1,80.23,44.0,F,North,0.0,15.0,92.78
2023-04-05,Jeans,Clothing,1,55.47,51.0,F,South,0.0,10.0,62.32
2023-01-04,Jacket,Clothing,1,48.83,47.0,M,South,,10.0,60.26
2023-05-17,Jacket,Clothing,4,82.98,39.0,M,South,,0.0,314.17
2023-07-04,Jeans,Clothing,2,24.33,36.0,M,North,0.0,15.0,64.31
2023-03-23,Rice,Food,7,25.32,37.0,F,West,0.0,0.0,163.82
2023-11-24,Jacket,Clothing,6,62.04,50.0,M,South,0.0,0.0,367.48
2023-03-10,Rice,Food,14,45.01,37.0,F,North,0.0,0.0,634.93
2023-11-07,Pasta,Food,8,35.05,18.0,F,South,0.0,0.0,264.74
2023-12-07,Smartphone,Electronics,2,556.11,51.0,M,North,0.0,0.0,1187.11
2023-09-28,Tablet,Electronics,1,480.13,69.0,M,North,0.13,0.0,440.07
2023-09-16,Chocolate,Food,5,30.69,27.0,M,West,0.0,0.0,164.93
2023-09-24,Rice,Food,5,23.99,42.0,M,North,0.0,0.0,115.42
2023-09-08,Coffee,Food,8,14.92,50.0,F,West,0.0,0.0,117.13
2023-08-21,Chocolate,Food,3,21.18,42.0,F,West,0.0,10.0,76.26
2023-01-30,Dress,Clothing,1,45.03,43.0,F,South,0.0,10.0,53.17
2023-07-22,Tablet,Electronics,4,775.92,19.0,M,North,0.0,0.0,3335.67
2023-01-24,Rice,Food,5,30.97,18.0,M,South,0.0,0.0,153.99
2023-01-31,T-Shirt,Clothing,1,31.58,55.0,M,South,0.0,10.0,39.97
2023-04-03,Jeans,Clothing,3,14.7,,F,West,0.0,10.0,55.75
2023-07-15,Headphones,Electronics,1,592.86,38.0,F,South,0.19,0.0,463.54
2023-10-04,Chocolate,Food,7,41.93,,F,West,0.0,0.0,304.68
2023-10-03,Rice,Food,6,14.79,59.0,M,West,0.0,10.0,101.32
2023-04-25,Coffee,Food,9,37.68,72.0,F,North,0.0,0.0,342.26
2023-10-06,Rice,Food,2,30.5,67.0,F,West,0.0,10.0,72.05
2023-05-07,Rice,Food,7,29.13,34.0,M,South,0.0,0.0,213.1
2023-02-27,T-Shirt,Clothing,3,105.21,56.0,F,West,0.0,0.0,343.75
2023-01-09,Chocolate,Food,5,34.94,25.0,M,North,0.0,0.0,172.2
2023-01-18,Rice,Food,8,10.0,38.0,M,West,0.0,10.0,80.88
2023-01-23,Sneakers,Clothing,4,90.08,18.0,M,South,0.0,0.0,363.65
2023-01-29,Jeans,Clothing,2,86.45,33.0,F,West,0.0,0.0,172.9
2023-10-22,Pasta,Food,13,15.57,40.0,F,West,0.0,0.0,221.65
2023-03-15,Olive Oil,Food,8,31.2,54.0,F,North,0.0,0.0,262.81
2023-02-01,Smart Watch,Electronics,2,655.53,27.0,M,West,0.0,0.0,1251.76
2023-08-07,Dress,Clothing,1,83.32,18.0,M,South,0.0,10.0,96.63
2023-11-26,Rice,Food,5,28.56,54.0,F,West,0.0,0.0,149.09
2023-07-29,Smartphone,Electronics,1,594.23,25.0,F,South,0.0,0.0,571.71
2023-10-03,Sneakers,Clothing,1,84.21,80.0,M,North,0.0,15.0,106.25
2023-12-29,Smartphone,Electronics,1,132.24,40.0,M,South,0.0,0.0,130.84
2023-08-02,Smart Watch,Electronics,5,518.7,49.0,M,West,0.0,0.0,2487.46
2023-05-11,Chocolate,Food,9,10.0,27.0,M,South,0.0,10.0,105.69
2023-07-09,T-Shirt,Clothing,3,51.51,18.0,M,West,0.11,0.0,155.1
2023-11-06,Dress,Clothing,3,52.95,47.0,M,North,0.0,0.0,151.67
2023-10-28,Smart Watch,Electronics,1,969.17,44.0,F,North,0.0,0.0,1009.7
2023-06-20,Pasta,Food,8,31.14,68.0,M,North,0.0,0.0,256.27
2023-03-02,Headphones,Electronics,3,369.73,63.0,M,North,0.0,0.0,1146.84
2023-05-03,Smart Watch,Electronics,2,422.6,48.0,F,South,0.0,0.0,803.84
2023-10-01,Jacket,Clothing,4,22.73,45.0,F,South,0.0,10.0,91.87
2023-09-12,Sneakers,Clothing,1,35.11,74.0,F,North,0.0,15.0,48.16
2023-06-13,Chocolate,Food,18,24.23,52.0,F,South,0.0,0.0,489.45
2023-10-16,Jeans,Clothing,2,49.44,19.0,M,West,0.13,10.0,91.11
2023-10-27,Olive Oil,Food,9,47.9,62.0,F,West,0.0,0.0,429.51
2023-04-11,Jacket,Clothing,5,67.11,33.0,F,North,0.0,0.0,338.44
2023-05-06,Sneakers,Clothing,2,75.29,53.0,F,West,0.0,0.0,154.79
2023-09-08,Headphones,Electronics,3,287.29,51.0,M,South,,0.0,752.75
2023-06-30,Chocolate,Food,5,22.85,57.0,F,North,,0.0,112.91
2023-10-05,Laptop,Electronics,3,686.49,35.0,M,West,0.0,0.0,2051.52
2023-02-08,Coffee,Food,12,41.44,48.0,F,North,0.0,0.0,459.45
2023-11-19,Chocolate,Food,5,46.22,79.0,M,North,0.13,0.0,209.99
2023-07-11,T-Shirt,Clothing,1,24.39,46.0,F,West,0.0,10.0,32.3
2023-01-09,Laptop,Electronics,1,482.97,37.0,F,West,0.13,0.0,393.81
2023-05-21,Dress,Clothing,2,10.0,75.0,M,South,0.0,10.0,28.91
2023-12-24,Headphones,Electronics,3,576.89,70.0,M,North,0.0,0.0,1894.85
2023-09-26,Smartphone,Electronics,1,995.73,53.0,M,North,0.0,0.0,973.1
2023-05-10,Tablet,Electronics,4,406.27,20.0,F,South,0.19,0.0,1324.19
2023-08-24,Dress,Clothing,1,49.27,46.0,M,North,0.0,15.0,67.98
2023-02-11,T-Shirt,Clothing,1,103.66,18.0,F,North,0.0,0.0,101.98
2023-10-10,Sneakers,Clothing,3,71.76,52.0,M,North,0.0,0.0,221.96
2023-02-12,Sneakers,Clothing,1,80.0,57.0,F,South,0.0,10.0,89.78
2023-02-18,Dress,Clothing,5,81.57,39.0,M,North,0.0,0.0,395.67
2023-12-21,Dress,Clothing,3,80.95,70.0,F,South,0.06,0.0,208.33
2023-05-24,Olive Oil,Food,7,23.75,28.0,M,West,0.0,0.0,177.62
2023-06-11,T-Shirt,Clothing,3,39.78,18.0,M,North,0.0,0.0,113.07
2023-12-31,Sneakers,Clothing,1,34.08,50.0,F,North,0.0,15.0,52.04
2023-05-04,Dress,Clothing,5,38.4,58.0,F,South,0.0,0.0,181.66
2023-03-13,Laptop,Electronics,2,886.9,22.0,F,West,0.12,0.0,1417.33
2023-02-08,Pasta,Food,17,25.93,45.0,F,West,0.0,0.0,432.87
2023-06-17,T-Shirt,Clothing,4,68.82,33.0,F,West,0.0,0.0,288.17
2023-08-19,Sneakers,Clothing,4,73.62,40.0,F,North,0.0,0.0,313.8
2023-07-12,Headphones,Electronics,4,411.92,29.0,F,North,0.14,0.0,1311.5
2023-05-07,Laptop,Electronics,1,593.82,63.0,F,North,0.0,0.0,582.06
2023-12-31,Jeans,Clothing,1,89.71,54.0,F,West,0.0,10.0,111.19
2023-02-24,Coffee,Food,3,13.96,52.0,F,North,0.0,15.0,57.45
2023-05-19,Coffee,Food,8,20.51,34.0,M,North,0.0,0.0,168.67
2023-08-18,Dress,Clothing,3,67.69,55.0,F,West,0.0,0.0,210.53
2023-02-15,Pasta,Food,7,31.56,69.0,M,West,0.0,0.0,211.72
2023-06-16,Sneakers,Clothing,5,53.04,41.0,F,North,0.0,0.0,275.07
2023-02-13,Dress,Clothing,1,68.42,34.0,M,North,0.0,15.0,87.55
2023-03-28,Chocolate,Food,10,16.63,56.0,F,South,0.0,0.0,162.72
2023-03-16,Laptop,Electronics,1,649.67,49.0,F,North,0.0,0.0,645.48
2023-06-03,Sneakers,Clothing,3,77.52,55.0,F,North,0.0,0.0,239.43
2023-05-07,Rice,Food,5,34.71,62.0,M,West,0.0,0.0,170.51
2023-03-11,Tablet,Electronics,1,785.0,47.0,F,North,0.0,0.0,833.25
2023-11-14,Sneakers,Clothing,4,116.13,48.0,F,South,0.0,0.0,475.51
2023-11-30,Dress,Clothing,2,92.43,58.0,F,North,0.0,0.0,181.95
2023-12-22,Chocolate,Food,7,33.15,66.0,F,South,0.0,0.0,236.97
2023-07-23,Jacket,Clothing,5,54.99,24.0,F,South,0.0,0.0,257.72
2023-05-05,Pasta,Food,12,20.69,43.0,F,South,0.0,0.0,227.95
2023-07-21,Jacket,Clothing,3,24.34,52.0,M,North,0.0,15.0,85.89
2023-10-07,Chocolate,Food,10,10.0,47.0,M,West,0.0,10.0,107.48
2023-08-25,Jeans,Clothing,1,50.02,23.0,F,South,0.0,10.0,58.79
2023-02-05,Rice,Food,7,31.04,55.0,F,West,0.0,0.0,218.9
2023-06-05,Chocolate,Food,6,19.62,30.0,M,South,0.0,0.0,116.65
2023-07-13,Coffee,Food,9,35.03,38.0,F,South,0.0,0.0,316.9
2023-10-01,Olive Oil,Food,8,46.67,41.0,F,West,0.0,0.0,401.44
2023-07-04,Olive Oil,Food,2,16.5,64.0,M,West,0.0,10.0,41.87
2023-05-08,Pasta,Food,5,39.05,33.0,M,North,0.0,0.0,187.83
2023-11-27,Rice,Food,4,22.34,58.0,F,South,0.0,10.0,94.18
2023-02-20,Tablet,Electronics,1,340.55,39.0,M,North,0.0,0.0,345.46
2023-07-20,Headphones,Electronics,1,561.21,64.0,M,West,0.0,0.0,555.52
2023-01-13,Rice,Food,15,30.95,45.0,F,North,0.0,0.0,456.69
2023-02-13,Laptop,Electronics,2,354.56,23.0,M,West,0.0,0.0,677.47
2023-06-25,Sneakers,Clothing,3,81.84,,F,North,0.0,0.0,245.72
2023-02-19,Headphones,Electronics,1,272.1,18.0,F,West,0.0,0.0,270.27
2023-06-03,Laptop,Electronics,1,607.42,39.0,M,West,0.1,0.0,514.31
2023-02-25,Chocolate,Food,9,39.4,36.0,M,West,,0.0,347.86
2023-10-10,Chocolate,Food,5,19.19,62.0,F,South,0.0,10.0,108.5
2023-04-29,Sneakers,Clothing,1,51.92,62.0,M,West,,10.0,59.5
2023-12-03,Sneakers,Clothing,2,28.38,69.0,M,South,0.0,10.0,69.52
2023-04-12,Sneakers,Clothing,2,49.88,52.0,F,West,0.0,10.0,103.67
2023-12-27,Smartphone,Electronics,1,804.41,24.0,F,North,0.0,0.0,828.19
2023-02-02,Smart Watch,Electronics,1,467.77,41.0,M,North,0.0,0.0,442.95
2023-04-11,Headphones,Electronics,3,565.91,49.0,F,North,0.0,0.0,1838.1
2023-09-08,Smart Watch,Electronics,2,475.75,53.0,F,West,0.0,0.0,996.7
2023-11-09,Headphones,Electronics,1,573.6,41.0,M,West,0.0,0.0,525.71
2023-08-23,Olive Oil,Food,14,10.31,31.0,F,North,0.0,0.0,150.0
2023-10-30,Coffee,Food,9,32.47,36.0,M,West,0.0,0.0,290.33
2023-05-03,Jacket,Clothing,3,50.45,64.0,M,North,0.0,0.0,146.4
2023-03-14,Olive Oil,Food,10,13.19,22.0,F,South,0.0,0.0,131.29
2023-10-22,Headphones,Electronics,1,642.06,51.0,M,South,0.0,0.0,663.62
2023-10-03,Chocolate,Food,7,41.53,18.0,M,West,0.0,0.0,303.27
2023-03-13,Jeans,Clothing,2,43.69,58.0,F,South,0.0,10.0,95.78
2023-07-03,T-Shirt,Clothing,2,62.98,52.0,M,South,0.0,0.0,120.71
2023-07-16,Dress,Clothing,7,60.68,41.0,F,West,0.0,0.0,411.84
2023-09-09,Headphones,Electronics,1,597.62,80.0,F,West,0.0,0.0,635.05
2023-02-12,Dress,Clothing,4,77.69,46.0,M,North,0.0,0.0,328.1
2023-05-21,Jeans,Clothing,2,100.7,80.0,F,West,0.0,0.0,190.09
2023-08-23,Olive Oil,Food,9,45.48,33.0,F,West,0.0,0.0,366.8
2023-02-27,Olive Oil,Food,13,25.55,45.0,F,North,0.0,0.0,327.66
2023-07-07,Smart Watch,Electronics,1,578.6,52.0,F,North,0.0,0.0,500.36
2023-08-06,Laptop,Electronics,2,399.02,34.0,M,West,0.0,0.0,773.7
2023-01-17,Sneakers,Clothing,2,83.44,41.0,F,South,0.0,0.0,184.99
2023-02-14,Sneakers,Clothing,2,33.41,26.0,M,North,0.0,15.0,77.23
2023-10-29,Pasta,Food,9,29.06,60.0,F,West,0.0,0.0,272.96
2023-03-13,Jeans,Clothing,4,68.24,20.0,M,North,0.0,0.0,277.05
2023-09-30,Tablet,Electronics,1,504.13,50.0,M,West,0.0,0.0,515.73
2023-12-27,Jacket,Clothing,6,58.87,48.0,F,South,0.0,0.0,335.38
2023-09-21,Laptop,Electronics,1,727.74,61.0,F,North,0.0,0.0,721.8
2023-05-22,Smartphone,Electronics,1,848.96,38.0,M,West,0.0,0.0,853.76
2023-12-31,Tablet,Electronics,2,516.99,39.0,F,North,0.0,0.0,1101.77
2023-10-23,Pasta,Food,16,24.01,46.0,F,West,0.0,0.0,367.66
2023-02-08,Coffee,Food,9,11.51,66.0,F,South,0.0,0.0,95.82
2023-07-08,Sneakers,Clothing,3,34.53,63.0,F,South,0.0,0.0,101.04
2023-02-17,Headphones,Electronics,4,754.21,33.0,F,West,0.0,0.0,2994.93
2023-10-01,Sneakers,Clothing,1,60.99,38.0,F,North,0.0,15.0,72.04
2023-09-11,Jacket,Clothing,3,96.11,60.0,F,South,,0.0,284.27
2023-10-23,Jeans,Clothing,6,65.46,44.0,F,West,0.0,0.0,399.4
2023-12-16,Laptop,Electronics,1,652.68,43.0,M,North,0.0,0.0,650.71
2023-08-24,Laptop,Electronics,4,800.56,18.0,M,North,0.0,0.0,3413.53
2023-01-01,Rice,Food,10,10.13,46.0,M,North,0.0,0.0,96.48
2023-06-04,Smartphone,Electronics,1,329.22,59.0,M,South,0.0,0.0,317.5
2023-05-09,Laptop,Electronics,2,541.96,42.0,M,South,0.14,0.0,1016.69
2023-12-25,Chocolate,Food,2,19.07,30.0,M,South,0.0,10.0,50.5
2023-01-01,Chocolate,Food,4,21.52,28.0,M,South,0.0,10.0,97.98
2023-04-26,Dress,Clothing,8,69.59,19.0,F,West,0.15,0.0,535.62
2023-03-03,Headphones,Electronics,1,195.63,54.0,M,West,0.0,0.0,187.87
2023-04-28,Headphones,Electronics,1,604.87,52.0,M,North,0.0,0.0,518.54
2023-07-08,Tablet,Electronics,2,543.06,51.0,F,North,0.0,0.0,1088.59
2023-03-10,Smartphone,Electronics,3,686.67,39.0,M,North,0.0,0.0,1890.83
2023-03-26,Sneakers,Clothing,4,10.0,57.0,M,South,0.0,10.0,50.61
2023-03-19,Rice,Food,11,11.04,49.0,F,West,0.0,0.0,121.49
2023-02-14,Coffee,Food,9,24.79,28.0,M,North,0.0,0.0,203.96
2023-07-16,Tablet,Electronics,4,456.47,47.0,F,South,0.0,0.0,2026.38
2023-05-07,Jacket,Clothing,2,68.85,60.0,M,West,0.0,0.0,122.13
2023-11-04,Olive Oil,Food,7,17.23,56.0,F,West,0.0,0.0,118.85
2023-12-20,Laptop,Electronics,2,210.31,26.0,F,West,0.0,0.0,408.03
2023-11-07,Olive Oil,Food,8,19.08,25.0,F,North,0.0,0.0,136.43
2023-01-28,Jeans,Clothing,1,33.39,55.0,F,South,0.0,10.0,43.09
2023-09-13,Smart Watch,Electronics,1,816.02,63.0,M,North,0.0,0.0,753.71
2023-06-12,Jeans,Clothing,3,35.37,34.0,F,South,0.0,0.0,107.67
2023-12-16,Chocolate,Food,4,21.83,35.0,M,South,0.06,10.0,95.45
2023-05-15,Smartphone,Electronics,3,881.59,45.0,M,North,0.0,0.0,2592.35
2023-07-23,Dress,Clothing,3,49.78,44.0,F,South,0.0,0.0,148.54
2023-07-25,Coffee,Food,11,21.59,18.0,M,West,0.0,0.0,247.71
2023-06-08,Coffee,Food,5,10.0,74.0,M,West,0.0,10.0,63.08
2023-03-21,Dress,Clothing,5,25.16,32.0,F,South,0.0,0.0,129.88
2023-11-29,T-Shirt,Clothing,5,68.54,49.0,F,South,0.0,0.0,328.57
2023-05-03,T-Shirt,Clothing,2,65.88,32.0,M,North,0.0,0.0,138.31
2023-03-01,Headphones,Electronics,1,654.2,46.0,M,West,0.0,0.0,688.67
2023-12-03,Jeans,Clothing,1,72.93,47.0,M,North,0.0,15.0,85.26
2023-12-26,Laptop,Electronics,3,494.13,53.0,F,North,0.0,0.0,1471.31
2023-09-25,Olive Oil,Food,5,34.65,24.0,F,West,0.0,0.0,182.61
2023-03-06,Pasta,Food,6,35.68,64.0,M,West,0.0,0.0,228.22
2023-01-16,Pasta,Food,7,18.77,72.0,F,South,0.0,0.0,130.94
2023-05-15,Dress,Clothing,3,68.75,65.0,M,West,0.0,0.0,195.05
2023-09-19,Tablet,Electronics,4,510.6,46.0,F,North,0.0,0.0,2065.55
2023-03-27,Pasta,Food,8,23.13,38.0,F,North,0.0,0.0,171.04
2023-10-21,Laptop,Electronics,1,685.38,55.0,M,North,0.18,0.0,556.04
2023-05-06,T-Shirt,Clothing,3,83.47,31.0,F,South,0.0,0.0,251.66
2023-03-18,Smartphone,Electronics,1,599.81,35.0,F,North,0.0,0.0,602.68
2023-05-08,Rice,Food,7,20.32,27.0,F,West,0.0,0.0,132.76
2023-02-09,Smart Watch,Electronics,1,276.15,39.0,M,South,0.0,0.0,287.89
2023-01-27,Chocolate,Food,8,32.93,27.0,M,North,0.0,0.0,269.58
2023-02-05,Rice,Food,5,31.49,24.0,F,South,0.0,0.0,153.25
2023-10-11,Sneakers,Clothing,2,52.65,51.0,F,North,0.0,0.0,102.26
2023-10-16,Jacket,Clothing,5,48.27,38.0,M,West,0.0,0.0,229.78
2023-10-30,Sneakers,Clothing,2,35.19,49.0,M,North,0.0,15.0,84.58
2023-07-29,T-Shirt,Clothing,3,67.77,52.0,F,North,0.0,0.0,197.48
2023-12-22,Laptop,Electronics,1,394.7,42.0,M,South,0.0,0.0,376.69
2023-07-12,Tablet,Electronics,1,346.29,53.0,M,North,0.0,0.0,337.85
2023-05-02,Sneakers,Clothing,3,80.86,74.0,M,South,0.0,0.0,247.62
2023-03-14,Jacket,Clothing,4,73.2,59.0,M,North,0.0,0.0,276.83
2023-09-24,Rice,Food,16,34.19,48.0,F,West,0.0,0.0,538.74
2023-02-13,Dress,Clothing,6,25.94,18.0,M,North,0.0,0.0,154.86
2023-07-21,T-Shirt,Clothing,3,61.57,48.0,M,West,0.0,0.0,191.37
2023-03-08,Jeans,Clothing,3,28.86,50.0,F,South,0.0,10.0,92.25
2023-07-21,Tablet,Electronics,121,493.86,41.0,F,South,0.0,0.0,59757.060000000005
2023-02-08,Smartphone,Electronics,3,619.45,46.0,M,North,0.0,0.0,1811.28
2023-03-26,Headphones,Electronics,1,280.13,57.0,F,South,0.0,0.0,271.94
2023-10-02,Jacket,Clothing,3,69.7,46.0,F,North,0.0,0.0,205.56
2023-05-16,Laptop,Electronics,3,540.57,48.0,M,North,0.0,0.0,1541.88
2023-06-05,Dress,Clothing,2,49.76,53.0,M,North,0.0,15.0,117.65
2023-06-17,Chocolate,Food,9,10.0,65.0,M,North,0.0,15.0,104.43
2023-07-22,Smart Watch,Electronics,1,505.97,52.0,F,North,0.0,0.0,507.69
2023-03-31,Laptop,Electronics,1,46.01,41.0,F,South,0.0,10.0,58.91
2023-10-09,Smartphone,Electronics,2,586.17,,F,North,0.0,0.0,1269.34
2023-03-13,T-Shirt,Clothing,3,54.33,31.0,M,North,0.0,0.0,169.28
2023-04-24,Jeans,Clothing,3,61.32,63.0,F,North,0.0,0.0,170.65
2023-11-19,T-Shirt,Clothing,7,61.52,18.0,F,West,0.0,0.0,369.65
2023-02-08,T-Shirt,Clothing,4,76.05,42.0,M,North,0.0,0.0,299.4
2023-08-16,Smartphone,Electronics,2,386.8,31.0,F,North,0.0,0.0,855.1
2023-08-25,T-Shirt,Clothing,2,73.94,51.0,F,North,0.0,0.0,152.7
2023-07-22,Headphones,Electronics,5,248.73,26.0,F,North,0.0,0.0,1289.14
2023-03-30,Jacket,Clothing,3,105.78,34.0,M,North,0.0,0.0,294.43
2023-08-17,Smartphone,Electronics,1,478.42,25.0,M,North,0.0,0.0,448.58
2023-09-13,Rice,Food,7,23.31,49.0,F,West,0.09,0.0,144.89
2023-03-12,Sneakers,Clothing,9,72.09,30.0,M,North,0.0,0.0,601.93
2023-10-06,Coffee,Food,14,27.4,53.0,F,South,0.0,0.0,386.02
2023-09-06,Jacket,Clothing,145,33.56,55.0,F,West,0.0,10.0,4876.200000000001
2023-04-03,T-Shirt,Clothing,2,51.98,18.0,M,South,0.17,0.0,85.91
2023-05-24,Laptop,Electronics,4,767.7,29.0,F,South,0.0,0.0,3143.49
2023-04-30,Smartphone,Electronics,4,302.0,55.0,M,North,0.0,0.0,1174.53
2023-05-17,Dress,Clothing,4,72.55,31.0,M,West,0.0,0.0,291.62
2023-04-23,Smart Watch,Electronics,2,343.05,49.0,F,South,0.0,0.0,708.78
2023-03-30,Smartphone,Electronics,1,322.05,55.0,F,North,0.0,0.0,328.24
2023-12-24,Pasta,Food,10,16.31,48.0,M,West,0.0,0.0,171.49
2023-06-30,Smart Watch,Electronics,4,684.34,65.0,M,West,0.0,0.0,2740.99
2023-04-07,Rice,Food,10,10.0,32.0,F,West,0.0,10.0,108.54
2023-01-20,Coffee,Food,5,24.75,31.0,M,North,0.0,0.0,120.53
2023-01-11,Dress,Clothing,2,66.68,44.0,M,South,0.0,0.0,143.91
2023-11-11,Smartphone,Electronics,1,523.49,66.0,F,North,,0.0,512.51
2023-06-15,T-Shirt,Clothing,4,60.12,51.0,M,North,0.0,0.0,238.58
2023-03-14,T-Shirt,Clothing,5,58.4,55.0,F,West,0.0,0.0,289.1
2023-07-11,Sneakers,Clothing,2,77.7,54.0,M,West,0.0,0.0,148.91
2023-06-15,Jeans,Clothing,1,32.77,32.0,F,North,0.0,15.0,47.95
2023-09-07,Tablet,Electronics,3,712.12,42.0,F,North,0.0,0.0,2076.35
2023-10-29,Jeans,Clothing,3,65.98,80.0,F,South,0.0,0.0,195.6
2023-05-31,Smartphone,Electronics,1,749.15,59.0,M,North,,0.0,738.81
2023-10-21,Headphones,Electronics,4,578.74,34.0,M,West,,0.0,2158.64
2023-06-12,Smart Watch,Electronics,1,604.39,37.0,M,North,0.0,0.0,605.74
2023-03-14,Jacket,Clothing,3,94.43,26.0,M,West,0.0,0.0,286.59
2023-06-13,Smartphone,Electronics,1,641.83,54.0,M,West,0.0,0.0,656.11
2023-12-10,Jacket,Clothing,3,34.03,32.0,M,South,0.0,0.0,104.52
2023-05-08,Coffee,Food,12,30.0,42.0,F,South,0.0,0.0,341.77
2023-01-01,Laptop,Electronics,4,112.56,29.0,F,South,0.0,0.0,450.02
2023-03-27,Sneakers,Clothing,4,28.31,39.0,F,South,0.0,0.0,108.17
2023-07-12,Coffee,Food,11,25.53,37.0,M,South,0.0,0.0,299.44
2023-02-07,T-Shirt,Clothing,4,64.52,60.0,M,South,0.0,0.0,279.55
2023-02-23,Coffee,Food,6,25.55,27.0,M,South,0.0,0.0,156.09
2023-03-24,T-Shirt,Clothing,3,116.63,58.0,M,West,0.0,0.0,346.67
2023-11-11,Rice,Food,23,28.13,,M,West,0.0,0.0,686.78
2023-12-01,Smartphone,Electronics,1,246.47,64.0,F,West,0.0,0.0,273.65
2023-02-21,Jacket,Clothing,6,98.98,33.0,M,North,0.0,0.0,554.25
2023-10-11,Dress,Clothing,2,49.11,60.0,F,South,0.0,10.0,111.05
2023-02-19,Laptop,Electronics,2,424.39,35.0,F,South,0.0,0.0,838.78
2023-07-04,T-Shirt,Clothing,2,92.22,43.0,M,South,0.0,0.0,188.49
2023-12-05,Olive Oil,Food,12,10.0,50.0,M,South,0.08,0.0,98.14
2023-11-23,Tablet,Electronics,2,603.98,49.0,F,North,0.0,0.0,1219.59
2023-06-07,Sneakers,Clothing,4,113.8,34.0,F,South,0.0,0.0,450.09
2023-05-16,Laptop,Electronics,1,587.53,71.0,F,West,0.0,0.0,566.76
2023-07-15,Tablet,Electronics,4,679.3,18.0,F,North,0.12,0.0,2351.67
2023-05-15,Smartphone,Electronics,1,769.66,56.0,M,South,0.0,0.0,748.28
2023-12-23,T-Shirt,Clothing,3,69.55,18.0,F,North,,0.0,229.96
2023-07-31,Dress,Clothing,3,10.0,19.0,M,North,0.0,15.0,46.1
2023-09-25,Sneakers,Clothing,4,87.72,55.0,F,West,0.0,0.0,360.33
2023-05-01,Headphones,Electronics,4,887.02,34.0,M,South,0.0,0.0,3815.61
2023-01-18,Olive Oil,Food,8,21.05,18.0,M,West,0.0,0.0,168.21
2023-08-18,Jeans,Clothing,1,86.73,45.0,M,North,0.0,15.0,106.51
2023-03-06,T-Shirt,Clothing,6,44.26,39.0,M,South,0.0,0.0,247.75
2023-08-11,Jeans,Clothing,7,33.53,41.0,M,West,0.0,0.0,238.63
2023-05-13,Jacket,Clothing,1,99.95,18.0,M,West,0.13,10.0,98.03
2023-10-10,Pasta,Food,10,23.36,38.0,F,South,0.0,0.0,247.67
2023-01-07,Olive Oil,Food,5,28.08,18.0,F,West,0.0,0.0,135.45
2023-03-18,Smartphone,Electronics,2,587.62,46.0,M,West,0.0,0.0,1130.18
2023-10-16,Coffee,Food,14,23.18,55.0,F,South,0.0,0.0,343.84
2023-05-16,Rice,Food,10,30.25,48.0,F,West,0.0,0.0,286.26
2023-08-31,T-Shirt,Clothing,1,71.03,80.0,F,North,0.0,15.0,84.59
2023-11-13,Smart Watch,Electronics,1,654.01,44.0,F,West,0.18,0.0,556.37
2023-06-19,Jeans,Clothing,3,107.73,24.0,F,North,0.0,0.0,316.14
2023-07-10,T-Shirt,Clothing,1,37.74,54.0,F,South,0.0,10.0,49.14
2023-09-09,Coffee,Food,10,35.42,51.0,M,North,0.0,0.0,369.14
2023-08-15,Pasta,Food,7,18.05,36.0,F,South,0.0,0.0,123.67
2023-02-15,Chocolate,Food,2,33.08,58.0,M,South,0.0,10.0,76.63
2023-07-28,Sneakers,Clothing,2,81.67,49.0,F,West,0.0,0.0,163.02
2023-09-21,Smartphone,Electronics,1,224.04,47.0,F,North,,0.0,256.73
2023-07-26,Jeans,Clothing,1,69.83,18.0,M,West,0.0,10.0,83.0
2023-04-13,T-Shirt,Clothing,3,93.34,30.0,M,North,0.0,0.0,272.27
2023-07-04,Jeans,Clothing,1,21.46,18.0,F,South,0.0,10.0,31.8
2023-09-16,Rice,Food,8,21.79,33.0,M,West,0.0,0.0,162.17
2023-05-04,Tablet,Electronics,1,404.39,66.0,F,South,0.0,0.0,413.2
2023-08-31,Dress,Clothing,4,78.5,40.0,F,West,0.0,0.0,305.99
2023-05-13,Coffee,Food,6,12.24,,M,South,0.0,10.0,82.71
2023-03-25,Olive Oil,Food,3,32.74,33.0,M,North,0.0,15.0,117.81
2023-12-13,Smartphone,Electronics,1,806.96,45.0,F,South,0.0,0.0,790.58
2023-12-16,T-Shirt,Clothing,5,10.0,38.0,M,South,0.0,10.0,61.25
2023-11-04,T-Shirt,Clothing,3,124.31,50.0,F,North,0.0,0.0,402.42
2023-06-06,Jacket,Clothing,4,46.26,59.0,F,South,0.0,0.0,184.92
2023-08-24,Pasta,Food,8,19.09,36.0,F,North,0.0,0.0,146.48
2023-09-24,Smart Watch,Electronics,1,223.23,54.0,M,South,0.2,0.0,163.18
2023-07-11,Dress,Clothing,2,69.81,51.0,F,West,0.0,0.0,137.09
2023-02-25,Rice,Food,7,20.06,24.0,F,North,0.0,0.0,145.5
2023-11-24,Tablet,Electronics,2,571.97,18.0,F,South,0.0,0.0,1202.68
2023-11-30,Jacket,Clothing,3,83.99,57.0,M,North,0.0,0.0,267.4
2023-05-04,Coffee,Food,11,11.29,31.0,F,West,0.0,0.0,123.39
2023-12-15,Smartphone,Electronics,1,354.67,59.0,M,West,0.0,0.0,341.43
2023-06-01,Pasta,Food,6,41.57,23.0,F,South,0.0,0.0,247.0
2023-01-19,Smart Watch,Electronics,1,633.06,54.0,M,West,0.0,0.0,636.01
2023-04-24,Smart Watch,Electronics,4,560.03,30.0,F,West,0.0,0.0,2293.39
2023-12-10,Tablet,Electronics,2,175.62,63.0,F,West,0.0,0.0,348.02
2023-12-03,Smart Watch,Electronics,3,515.59,40.0,F,North,0.07,0.0,1469.79
2023-05-13,Smart Watch,Electronics,3,513.91,29.0,F,North,0.0,0.0,1574.71
2023-04-24,Pasta,Food,10,27.16,37.0,F,North,0.0,0.0,287.03
2023-06-19,Pasta,Food,14,13.37,47.0,F,South,0.0,0.0,198.06
2023-03-02,Sneakers,Clothing,3,60.28,18.0,M,North,0.0,0.0,174.6
2023-04-10,Smart Watch,Electronics,3,583.35,42.0,F,North,0.0,0.0,1619.02
2023-07-31,T-Shirt,Clothing,1,95.8,34.0,M,North,0.0,15.0,110.18
2023-06-25,Headphones,Electronics,4,813.36,51.0,F,West,0.0,0.0,3373.76
2023-04-03,Coffee,Food,12,16.64,35.0,F,South,0.0,0.0,208.09
2023-04-01,Pasta,Food,12,26.48,39.0,M,West,0.09,0.0,274.27
2023-03-28,Olive Oil,Food,6,15.44,18.0,F,North,0.0,15.0,113.52
2023-02-15,Smartphone,Electronics,1,229.71,48.0,F,West,0.0,0.0,238.13
2023-07-26,Rice,Food,9,10.0,49.0,F,South,0.13,10.0,90.66
2023-07-11,T-Shirt,Clothing,3,56.28,48.0,M,South,0.05,0.0,154.6
2023-05-08,Smartphone,Electronics,1,372.16,,F,West,0.0,0.0,365.04
2023-02-22,Rice,Food,8,10.0,30.0,F,West,0.0,10.0,88.22
2023-01-24,Tablet,Electronics,1,158.66,38.0,F,South,0.0,0.0,159.51
2023-11-02,Smart Watch,Electronics,1,380.97,51.0,F,South,0.0,0.0,387.82
2023-03-10,Pasta,Food,8,16.48,35.0,F,South,0.0,0.0,136.82
2023-03-26,Sneakers,Clothing,1,63.45,55.0,M,North,0.0,15.0,77.91
2023-03-09,Smartphone,Electronics,1,924.85,62.0,M,West,0.0,0.0,1003.67
2023-03-28,Coffee,Food,5,11.42,23.0,M,South,0.0,10.0,70.74
2023-11-24,Jacket,Clothing,3,13.82,44.0,M,West,0.0,10.0,55.36
2023-01-25,Laptop,Electronics,1,601.35,51.0,M,West,0.07,0.0,551.06
2023-08-16,Sneakers,Clothing,1,10.0,25.0,F,North,0.0,15.0,24.4
2023-03-20,Jeans,Clothing,5,90.47,62.0,M,West,0.0,0.0,475.79
2023-12-05,Laptop,Electronics,2,442.8,60.0,F,West,,0.0,857.87
2023-12-25,Smartphone,Electronics,3,478.99,18.0,M,South,0.0,0.0,1551.89
2023-11-13,Laptop,Electronics,3,597.07,45.0,M,South,0.0,0.0,1682.02
2023-09-12,Smartphone,Electronics,4,504.15,41.0,M,West,0.0,0.0,2002.31
2023-09-25,Jeans,Clothing,3,66.61,54.0,F,South,0.0,0.0,192.38
2023-01-21,Smart Watch,Electronics,1,317.69,35.0,M,South,0.0,0.0,331.39
2023-09-04,Jacket,Clothing,1,59.42,53.0,M,North,0.06,15.0,72.03
2023-02-26,Olive Oil,Food,9,42.43,42.0,F,West,0.0,0.0,429.62
2023-02-16,Olive Oil,Food,10,35.22,20.0,M,North,0.0,0.0,349.16
2023-11-26,Jeans,Clothing,4,69.97,60.0,F,South,0.0,0.0,279.38
2023-01-26,Coffee,Food,11,32.73,41.0,M,North,0.0,0.0,351.98
2023-07-04,Jacket,Clothing,1,62.43,44.0,M,South,0.16,10.0,60.78
2023-01-24,T-Shirt,Clothing,2,118.39,28.0,M,North,0.0,0.0,259.28
2023-08-13,Dress,Clothing,4,79.58,32.0,M,South,0.0,0.0,337.69
2023-06-25,Jeans,Clothing,1,30.99,59.0,F,North,0.0,15.0,46.51
2023-08-22,Tablet,Electronics,1,550.36,61.0,F,South,0.0,0.0,502.4
2023-11-29,Smartphone,Electronics,1,286.29,55.0,M,North,0.0,0.0,283.23
2023-01-31,Chocolate,Food,7,38.45,42.0,F,North,0.0,0.0,279.49
2023-09-05,Olive Oil,Food,6,32.85,71.0,F,West,0.0,0.0,187.87
2023-07-14,Pasta,Food,12,14.41,40.0,M,West,0.0,0.0,157.54
2023-03-08,Sneakers,Clothing,2,69.31,50.0,M,South,0.0,0.0,133.49
2023-08-14,Coffee,Food,9,37.4,59.0,F,North,0.0,0.0,350.51
2023-01-07,Dress,Clothing,5,82.01,18.0,M,West,0.0,0.0,407.37
2023-12-09,Tablet,Electronics,3,750.65,43.0,M,West,0.0,0.0,2069.59
2023-05-08,Sneakers,Clothing,4,54.18,22.0,F,South,0.0,0.0,218.49
2023-10-13,Dress,Clothing,3,87.64,80.0,M,North,0.0,0.0,263.52
2023-03-22,Olive Oil,Food,17,11.66,46.0,F,South,0.0,0.0,198.78
2023-02-08,Headphones,Electronics,2,225.84,36.0,M,South,0.0,0.0,417.94
2023-05-23,Laptop,Electronics,3,538.67,18.0,M,West,0.0,0.0,1583.7
2023-07-13,Rice,Food,10,21.3,42.0,M,North,0.0,0.0,212.73
2023-10-21,Sneakers,Clothing,6,60.42,18.0,F,North,0.0,0.0,329.83
2023-03-02,Headphones,Electronics,1,578.45,57.0,M,West,0.0,0.0,589.96
2023-07-31,Coffee,Food,9,30.75,41.0,M,West,0.0,0.0,270.75
2023-11-06,Smart Watch,Electronics,1,869.43,53.0,F,West,0.0,0.0,824.49
2023-10-15,Chocolate,Food,5,23.05,18.0,F,West,0.0,0.0,113.07
2023-07-06,Laptop,Electronics,132,718.21,53.0,F,North,0.0,0.0,94803.72
2023-11-14,Smart Watch,Electronics,2,200.85,52.0,F,South,0.0,0.0,393.99
2023-02-28,Laptop,Electronics,3,565.46,26.0,M,West,0.1,0.0,1524.72
2023-11-21,Jacket,Clothing,95,58.11,29.0,F,West,0.0,0.0,5520.45
2023-01-24,Smartphone,Electronics,1,314.73,45.0,M,South,0.0,0.0,322.86
2023-07-29,Laptop,Electronics,113,304.03,74.0,M,South,0.0,0.0,34355.39
2023-07-21,Smartphone,Electronics,1,417.15,36.0,M,South,0.0,0.0,404.29
2023-02-25,Sneakers,Clothing,4,80.3,39.0,M,North,0.0,0.0,334.84
2023-08-19,Sneakers,Clothing,3,31.14,42.0,M,West,0.0,10.0,106.48
2023-01-03,Dress,Clothing,2,109.28,41.0,M,West,0.0,0.0,252.42
2023-08-10,Smart Watch,Electronics,3,398.36,50.0,M,South,0.0,0.0,1236.63
2023-03-30,Jeans,Clothing,4,136.58,41.0,F,North,0.0,0.0,520.48
2023-11-07,Tablet,Electronics,2,576.99,18.0,F,West,0.0,0.0,1193.46
2023-11-08,Smartphone,Electronics,2,456.74,49.0,F,South,0.0,0.0,998.49
2023-05-31,Headphones,Electronics,1,385.74,47.0,M,North,0.0,0.0,412.01
2023-12-25,Smart Watch,Electronics,1,512.73,54.0,F,South,0.0,0.0,529.97
2023-10-11,Jeans,Clothing,5,113.27,26.0,M,North,0.0,0.0,549.61
2023-05-29,Tablet,Electronics,1,513.13,64.0,M,West,0.0,0.0,490.29
2023-11-29,Jeans,Clothing,2,78.69,24.0,F,West,0.0,0.0,143.23
2023-06-30,Dress,Clothing,2,85.09,63.0,F,South,0.0,0.0,168.83
2023-10-01,Tablet,Electronics,1,493.52,35.0,M,South,0.0,0.0,483.98
2023-01-13,Headphones,Electronics,2,303.01,63.0,M,North,0.0,0.0,581.25
2023-04-13,Jacket,Clothing,6,77.03,20.0,F,North,0.0,0.0,451.85
2023-03-16,T-Shirt,Clothing,2,80.83,41.0,F,West,0.0,0.0,165.31
2023-10-05,T-Shirt,Clothing,1,79.17,60.0,F,South,0.0,10.0,86.79
2023-12-12,Olive Oil,Food,10,10.0,49.0,F,North,0.0,15.0,103.56
2023-12-23,Tablet,Electronics,2,390.02,42.0,M,West,0.0,0.0,666.95
2023-07-18,Rice,Food,6,38.83,51.0,F,West,0.0,0.0,242.27
2023-01-28,Coffee,Food,12,10.0,39.0,F,West,0.0,0.0,122.92
2023-08-15,Chocolate,Food,9,32.69,46.0,F,West,0.0,0.0,304.1
2023-10-07,Olive Oil,Food,14,30.42,48.0,M,North,0.0,0.0,406.77
2023-04-01,Laptop,Electronics,5,595.58,18.0,M,North,0.0,0.0,2781.23
2023-03-03,Headphones,Electronics,4,729.28,40.0,F,North,0.0,0.0,2858.23
2023-05-16,Jeans,Clothing,3,38.08,38.0,F,North,0.12,0.0,104.07
2023-03-21,Coffee,Food,12,23.47,43.0,F,North,0.0,0.0,290.13
2023-11-17,Dress,Clothing,5,29.5,41.0,F,West,0.0,0.0,147.52
2023-10-21,Olive Oil,Food,11,40.59,55.0,M,South,0.0,0.0,398.41
2023-06-12,Olive Oil,Food,1,38.88,63.0,M,North,0.0,15.0,54.13
2023-09-16,Chocolate,Food,6,12.14,68.0,F,South,0.08,10.0,74.82
2023-04-20,Pasta,Food,9,12.52,52.0,F,South,0.0,0.0,115.32
2023-11-13,Smart Watch,Electronics,1,215.94,35.0,M,South,0.0,0.0,204.85
2023-06-27,Rice,Food,10,14.4,36.0,M,North,0.0,0.0,151.92
2023-12-16,Jacket,Clothing,6,49.28,52.0,M,South,0.0,0.0,282.95
2023-10-04,Jacket,Clothing,2,61.06,46.0,F,North,0.0,0.0,121.85
2023-09-18,Sneakers,Clothing,148,43.63,20.0,M,South,0.0,0.0,6457.240000000001
2023-11-30,Smartphone,Electronics,1,307.1,47.0,M,South,0.0,0.0,319.69
2023-03-27,Olive Oil,Food,12,34.42,40.0,M,West,0.0,0.0,455.44
2023-04-18,Jeans,Clothing,2,63.05,67.0,F,West,0.0,0.0,130.83
2023-04-16,Dress,Clothing,6,72.75,50.0,F,West,0.0,0.0,469.24
2023-02-06,Smartphone,Electronics,2,584.87,55.0,F,North,0.0,0.0,1214.29
2023-01-20,Laptop,Electronics,1,740.19,58.0,M,North,0.0,0.0,721.78
2023-05-09,Olive Oil,Food,10,34.51,,M,North,0.0,0.0,346.05
2023-07-28,Sneakers,Clothing,1,42.09,,F,South,0.0,10.0,52.44
2023-01-09,Sneakers,Clothing,2,55.24,,M,West,0.0,0.0,109.73
2023-11-25,Olive Oil,Food,3,36.47,56.0,M,North,0.0,0.0,109.92
2023-02-07,Tablet,Electronics,2,665.66,43.0,M,West,0.0,0.0,1346.83
2023-12-18,Pasta,Food,5,19.07,,M,West,0.0,10.0,99.55
2023-08-13,Headphones,Electronics,2,270.93,60.0,M,South,0.0,0.0,518.32
2023-10-01,Chocolate,Food,6,39.39,,F,North,0.0,0.0,226.02
2023-10-07,Tablet,Electronics,2,355.76,58.0,M,West,0.0,0.0,684.42
2023-11-28,Tablet,Electronics,1,617.07,59.0,M,North,0.0,0.0,656.3
2023-01-03,Dress,Clothing,4,70.55,36.0,F,West,0.0,0.0,282.6
2023-02-13,Jacket,Clothing,1,69.54,37.0,F,North,0.0,15.0,84.35
2023-11-27,Olive Oil,Food,16,10.0,42.0,M,North,0.0,0.0,170.62
2023-11-12,Tablet,Electronics,1,1016.84,73.0,M,North,0.0,0.0,971.91
2023-10-18,Coffee,Food,8,21.36,35.0,F,West,0.0,0.0,164.75
2023-02-07,Tablet,Electronics,1,456.08,55.0,M,West,,0.0,466.31
2023-04-12,Smart Watch,Electronics,1,153.52,39.0,F,South,0.0,0.0,138.63
2023-12-10,Smartphone,Electronics,3,753.0,68.0,F,North,0.0,0.0,2189.9
2023-04-10,Jacket,Clothing,4,20.42,39.0,F,South,0.0,10.0,96.1
2023-12-04,Jacket,Clothing,5,55.36,34.0,M,West,0.0,0.0,275.39
2023-07-06,Tablet,Electronics,3,666.6,28.0,M,South,0.09,0.0,1689.63
2023-04-24,Headphones,Electronics,3,354.69,22.0,F,South,0.0,0.0,1118.47
2023-06-19,Headphones,Electronics,2,908.38,73.0,F,South,0.0,0.0,2012.95
2023-06-06,Rice,Food,8,10.0,37.0,M,West,0.0,10.0,84.13
2023-11-07,Laptop,Electronics,2,734.32,,M,South,0.0,0.0,1462.25
2023-04-11,Tablet,Electronics,1,900.97,47.0,M,West,0.0,0.0,944.42
2023-01-10,Olive Oil,Food,9,29.16,39.0,M,West,0.0,0.0,259.53
2023-10-24,Sneakers,Clothing,1,87.23,56.0,M,West,0.0,10.0,91.79
2023-10-10,Jacket,Clothing,1,96.31,58.0,F,West,0.0,10.0,103.09
2023-03-18,Pasta,Food,9,27.48,52.0,M,South,0.0,0.0,264.71
2023-10-29,Tablet,Electronics,1,1102.58,49.0,F,North,0.0,0.0,1179.2
2023-02-16,Rice,Food,6,10.0,39.0,M,South,0.0,10.0,66.16
2023-11-11,Jeans,Clothing,1,59.05,49.0,M,West,0.0,10.0,66.98
2023-04-02,Olive Oil,Food,5,27.65,75.0,M,West,0.0,0.0,140.73
2023-09-05,Jacket,Clothing,1,58.92,46.0,M,North,0.0,15.0,77.28
2023-04-29,Coffee,Food,10,20.66,29.0,F,South,0.0,0.0,210.95
2023-12-09,Smartphone,Electronics,3,658.92,54.0,F,West,0.0,0.0,1902.25
2023-08-21,T-Shirt,Clothing,3,46.35,39.0,F,North,0.0,0.0,134.98
2023-09-24,Pasta,Food,16,20.09,49.0,F,West,0.0,0.0,342.36
2023-10-19,Smartphone,Electronics,3,311.72,43.0,F,South,0.0,0.0,936.51
2023-12-01,T-Shirt,Clothing,6,59.2,68.0,F,West,0.0,0.0,346.47
2023-04-25,Olive Oil,Food,14,10.0,47.0,F,South,0.0,0.0,129.17
2023-06-26,Sneakers,Clothing,2,42.92,40.0,M,South,0.0,10.0,93.91
2023-03-13,Rice,Food,4,38.05,31.0,M,North,0.15,0.0,128.63
2023-04-19,Smartphone,Electronics,2,581.35,46.0,M,North,0.0,0.0,1155.99
2023-03-02,Jeans,Clothing,3,14.41,24.0,F,South,0.0,10.0,55.18
2023-09-04,Sneakers,Clothing,6,39.01,18.0,M,South,0.0,0.0,250.33
2023-11-28,Headphones,Electronics,1,932.47,18.0,M,North,0.14,0.0,795.98
2023-03-24,Smartphone,Electronics,2,748.78,64.0,M,West,0.0,0.0,1654.71
2023-03-17,Coffee,Food,7,14.9,58.0,F,North,0.0,0.0,104.68
2023-09-22,Rice,Food,10,13.58,51.0,M,West,0.0,0.0,135.78
2023-12-05,Tablet,Electronics,2,888.6,21.0,M,North,0.0,0.0,1718.14
2023-08-30,Sneakers,Clothing,2,91.0,23.0,M,North,0.0,0.0,188.71
2023-11-04,Jeans,Clothing,1,45.35,43.0,M,West,0.0,10.0,56.2
2023-09-19,Jacket,Clothing,1,70.12,52.0,F,North,0.0,15.0,89.23
2023-11-02,Smart Watch,Electronics,1,846.46,52.0,M,North,0.0,0.0,836.76
2023-03-09,T-Shirt,Clothing,4,83.31,32.0,M,North,0.0,0.0,322.77
2023-09-16,Sneakers,Clothing,5,10.0,37.0,M,North,0.0,15.0,64.51
2023-11-11,Smart Watch,Electronics,1,298.33,,M,North,0.15,0.0,243.87
2023-11-05,Smart Watch,Electronics,2,482.75,45.0,F,North,0.0,0.0,1001.02
2023-07-09,T-Shirt,Clothing,4,50.01,26.0,F,West,0.0,0.0,196.23
2023-09-04,Rice,Food,3,10.0,67.0,M,South,0.0,10.0,37.74
2023-05-11,Headphones,Electronics,1,681.14,35.0,M,North,0.0,0.0,610.6
2023-10-06,Sneakers,Clothing,4,78.83,18.0,M,South,0.16,0.0,273.03
2023-01-04,Olive Oil,Food,7,33.18,18.0,M,West,0.0,0.0,233.51
2023-07-12,Jeans,Clothing,3,40.33,53.0,F,West,0.0,0.0,128.39
2023-02-24,Jeans,Clothing,6,84.68,26.0,F,South,0.0,0.0,475.85
2023-10-02,Rice,Food,3,44.12,64.0,F,West,0.0,0.0,135.61
2023-12-15,Rice,Food,5,41.8,21.0,F,North,0.0,0.0,209.71
2023-10-13,Sneakers,Clothing,6,111.51,39.0,F,North,0.0,0.0,666.55
2023-09-05,Tablet,Electronics,2,453.92,,F,South,0.0,0.0,934.04
2023-07-23,Chocolate,Food,5,19.64,68.0,M,West,0.0,10.0,114.99
2023-08-17,Smartphone,Electronics,1,469.22,37.0,M,North,0.0,0.0,392.87
2023-06-23,Dress,Clothing,4,92.89,46.0,M,West,0.0,0.0,364.7
2023-11-22,Laptop,Electronics,2,654.48,33.0,M,North,0.0,0.0,1299.81
2023-11-04,Rice,Food,13,29.97,43.0,M,North,0.0,0.0,411.27
2023-07-09,Coffee,Food,10,40.43,39.0,M,West,0.0,0.0,416.07
2023-07-25,Dress,Clothing,3,75.91,43.0,F,West,0.0,0.0,212.69
2023-11-02,Laptop,Electronics,1,783.51,51.0,F,North,0.0,0.0,789.73
2023-04-14,Smart Watch,Electronics,1,681.2,27.0,M,South,0.14,0.0,557.58
2023-09-22,Smartphone,Electronics,1,467.42,48.0,M,West,0.0,0.0,504.68
2023-07-04,Jeans,Clothing,1,65.59,52.0,M,West,0.0,10.0,80.38
2023-02-14,Jacket,Clothing,3,90.74,35.0,F,South,0.0,0.0,248.19
2023-07-27,Dress,Clothing,4,112.52,52.0,M,North,0.0,0.0,427.69
2023-02-05,T-Shirt,Clothing,5,68.11,33.0,F,West,0.0,0.0,359.73
2023-10-14,Olive Oil,Food,4,20.93,56.0,F,South,0.0,10.0,93.71
2023-05-22,Smartphone,Electronics,2,49.31,47.0,M,West,0.0,10.0,102.7
2023-07-26,Smart Watch,Electronics,1,546.55,50.0,F,North,0.0,0.0,586.32
2023-09-17,T-Shirt,Clothing,1,42.39,33.0,M,West,0.0,10.0,51.36
2023-06-24,Laptop,Electronics,1,372.52,40.0,F,West,0.0,0.0,366.2
2023-10-22,Pasta,Food,12,22.28,44.0,F,West,0.0,0.0,255.95
2023-10-16,Sneakers,Clothing,5,52.26,26.0,F,North,0.0,0.0,257.06
2023-08-23,Headphones,Electronics,1,415.98,72.0,M,West,0.0,0.0,389.58
2023-05-13,Coffee,Food,15,37.86,48.0,M,South,0.0,0.0,565.48
2023-04-28,Pasta,Food,3,31.14,18.0,F,South,0.0,10.0,96.94
2023-01-05,Pasta,Food,140,26.6,37.0,F,North,0.15,0.0,3165.4
2023-06-25,Coffee,Food,5,35.61,56.0,M,West,0.0,0.0,184.42
2023-07-01,Smartphone,Electronics,2,514.78,26.0,F,West,0.0,0.0,1040.41
2023-12-16,Smartphone,Electronics,1,604.92,47.0,M,South,0.0,0.0,644.61
2023-05-04,Pasta,Food,9,38.11,28.0,M,North,0.0,0.0,328.86
2023-05-08,Dress,Clothing,2,71.12,61.0,M,South,0.0,0.0,152.44
2023-03-03,T-Shirt,Clothing,8,70.12,32.0,F,West,0.0,0.0,549.68
2023-10-05,Coffee,Food,6,10.0,21.0,F,South,0.0,10.0,70.52
2023-09-10,Olive Oil,Food,15,15.7,39.0,F,South,0.0,0.0,239.97
2023-09-19,Pasta,Food,9,51.85,29.0,M,South,0.0,0.0,444.38
2023-03-07,T-Shirt,Clothing,4,75.96,43.0,F,West,0.0,0.0,301.18
2023-10-04,Coffee,Food,7,27.05,69.0,F,West,0.0,0.0,192.1
2023-12-18,Jeans,Clothing,2,10.0,69.0,M,South,0.0,10.0,29.06
2023-08-24,Jacket,Clothing,5,35.58,57.0,M,West,0.08,0.0,173.5
2023-10-25,Laptop,Electronics,4,451.76,22.0,F,South,0.0,0.0,1871.57
2023-05-13,Smartphone,Electronics,6,200.8,34.0,F,West,0.0,0.0,1147.64
2023-08-30,Dress,Clothing,2,31.33,18.0,F,South,,10.0,66.26
2023-08-06,Smartphone,Electronics,2,165.18,38.0,F,South,0.0,0.0,306.84
2023-07-25,Tablet,Electronics,1,485.71,42.0,M,South,0.0,0.0,510.03
2023-10-22,Jeans,Clothing,2,118.8,72.0,F,North,0.0,0.0,237.51
2023-10-12,Headphones,Electronics,1,224.71,42.0,M,South,0.0,0.0,219.81
2023-03-18,Rice,Food,7,17.23,46.0,M,North,0.0,0.0,126.21
2023-03-10,Smart Watch,Electronics,1,170.9,43.0,F,West,0.0,0.0,169.87
2023-06-03,Jacket,Clothing,1,31.79,57.0,M,West,0.0,10.0,46.89
2023-12-20,Chocolate,Food,9,33.12,,M,North,0.0,0.0,334.76
